   Compiling copper-geometry v0.1.0 (/Users/em/Development/freerouting/copperroute-pr26-rebase/crates/copper-geometry)
   Compiling testkit v0.1.0 (/Users/em/Development/freerouting/copperroute-pr26-rebase/tests/testkit)
   Compiling copper-board v0.1.0 (/Users/em/Development/freerouting/copperroute-pr26-rebase/crates/copper-board)
   Compiling copper-dsn v0.1.0 (/Users/em/Development/freerouting/copperroute-pr26-rebase/crates/copper-dsn)
   Compiling copper-drc v0.1.0 (/Users/em/Development/freerouting/copperroute-pr26-rebase/crates/copper-drc)
   Compiling copper-settings v0.1.0 (/Users/em/Development/freerouting/copperroute-pr26-rebase/crates/copper-settings)
   Compiling copper-router v0.1.0 (/Users/em/Development/freerouting/copperroute-pr26-rebase/crates/copper-router)
   Compiling copper-core v0.1.0 (/Users/em/Development/freerouting/copperroute-pr26-rebase/crates/copper-core)
   Compiling copperroute v0.1.0 (/Users/em/Development/freerouting/copperroute-pr26-rebase/crates/copperroute)
   Compiling copper-web v0.1.0 (/Users/em/Development/freerouting/copperroute-pr26-rebase/crates/copper-web)
    Finished `test` profile [unoptimized + debuginfo] target(s) in 24.97s
     Running unittests src/lib.rs (/Users/em/Development/freerouting/copperroute-congestion-study/target/debug/deps/copper_board-35189bbf0fb87a29)

running 330 tests
test board::changed_area::tests::joining_rounds_outward ... ok
test board::changed_area::tests::joining_a_shape_visits_every_corner ... ok
test board::changed_area::tests::surrounding_box_unions_every_layer ... ok
test board::communication::tests::host_cad_is_eagle_ignores_case ... ok
test board::changed_area::tests::joining_one_point_makes_a_degenerate_octagon_around_it ... ok
test board::changed_area::tests::set_empty_clears_one_layer_only ... ok
test board::changed_area::tests::a_fresh_area_is_empty_on_every_layer ... ok
test board::communication::tests::get_resolution_scales_between_units ... ok
test board::communication::tests::host_is_old_kicad_needs_both_strings ... ok
test board::communication::tests::new_fills_the_parser_info_fields_it_does_not_take_from_the_default ... ok
test board::communication::tests::the_default_carries_javas_default_specctra_parser_info ... ok
test board::communication::tests::the_default_matches_javas_no_argument_constructor ... ok
test board::communication::tests::host_is_old_kicad_reads_the_first_digit_run ... ok
test board::communication::tests::write_resolution_keeps_the_raw_char_name ... ok
test board::communication::tests::the_id_generator_hands_out_ids_from_one ... ok
test board::contact_cache::tests::changing_tree_entries_invalidates_contacts ... ok
test board::contact_cache::tests::merging_tree_entries_at_end_invalidates_contacts ... ok
test board::contact_cache::tests::merging_tree_entries_in_front_invalidates_contacts ... ok
test board::contact_cache::tests::failed_hit_validation_does_not_poison_cache ... ok
test board::contact_cache::tests::positive_cycle_and_broken_cycle_match_fresh_queries ... ok
test board::contact_cache::tests::contacts_follow_insert_remove_geometry_and_rollback ... ok
test board::contact_cache::tests::unwind_discards_scratch ... ok
test board::contact_cache::tests::repeated_queries_share_contacts_but_new_scopes_do_not ... ok
test board::contact_cache::tests::conduction_area_cycles_respect_net_policy ... ok
test board::contact_cache::tests::splitting_another_trace_and_combining_refresh_contacts ... ok
test board::snapshot::tests::combining_two_traces_records_a_save_for_undo_and_the_undo_puts_the_short_one_back ... ok
test board::contact_cache::tests::vias_connect_layers_and_layer_changes_refresh_contacts ... ok
test board::snapshot::tests::deep_copy_clears_autoroute_scratch ... ok
test board::snapshot::tests::deep_copy_is_independent ... ok
test board::snapshot::tests::deep_copy_resets_transient_bookkeeping ... ok
test board::snapshot::tests::deep_copy_clears_normalize_suppressed_net_nos ... ok
test board::snapshot::tests::discard_undo_journal_is_pop_snapshot_and_deep_copy_never_records ... ok
test board::snapshot::tests::diff_traces_counts_ids_present_in_exactly_one_board ... ok
test board::snapshot::tests::hash_equal_for_equal_boards_and_differs_after_trace_change ... ok
test board::snapshot::tests::hash_stable_across_clone ... ok
test board::snapshot::tests::the_journal_records_removals_in_deletion_order_and_insertions_as_a_set ... ok
test board::snapshot::tests::undo_from_snapshot_cancels_the_inserted_items_and_restores_the_removed_ones ... ok
test board::tests::board_is_send_and_sync ... ok
test board::snapshot::tests::undo_from_snapshot_leaves_every_field_java_leaves_alone ... ok
test board::snapshot::tests::the_journal_records_the_nets_of_every_item_it_touches ... ok
test board::snapshot::tests::undo_from_snapshot_puts_the_restored_item_back_in_the_live_trees ... ok
test board::trace_normalize::tests::split_snapshots_refresh_and_preserve_removed_items ... ok
test datastructures::delaunay::tests::empty_and_single_corner_inputs_produce_no_edges ... ok
test datastructures::delaunay::tests::collinear_triple_gives_the_two_segments_of_the_path ... ok
test datastructures::delaunay::tests::a_column_of_points_at_x_equals_one_keeps_every_edge ... ok
test datastructures::delaunay::tests::duplicate_points_become_degenerate_edges_first_in_the_result ... ok
test datastructures::delaunay::tests::a_duplicate_of_the_same_item_is_dropped_silently ... ok
test datastructures::delaunay::tests::is_send_and_sync ... ok
test datastructures::delaunay::tests::points_on_a_circle_are_a_full_triangulation ... ok
test datastructures::delaunay::tests::skewed_quadrilateral_has_the_five_edges_a_square_should_have ... ok
test datastructures::delaunay::tests::the_seeded_shuffle_is_a_deterministic_permutation ... ok
test datastructures::delaunay::tests::validate_is_vacuous_on_an_inner_node ... ok
test datastructures::shape_tree::tests::a_new_tree_is_empty ... ok
test datastructures::delaunay::tests::a_square_pin_grid_keeps_every_edge ... ok
test datastructures::shape_tree::tests::a_single_leaf_becomes_the_root ... ok
test datastructures::shape_tree::tests::a_stale_handle_is_reported_by_is_live ... ok
test datastructures::shape_tree::tests::a_stale_leaf_id_panics_after_its_slot_is_reused - should panic ... ok
test datastructures::shape_tree::tests::bounding_shape_applies_the_trees_directions ... ok
test datastructures::shape_tree::tests::bounding_shape_is_none_for_an_unbounded_simplex ... ok
test datastructures::delaunay::tests::every_result_edge_joins_two_distinct_items ... ok
test datastructures::shape_tree::tests::insert_tiles_applies_the_trees_bounding_directions ... ok
test datastructures::shape_tree::tests::distance_to_root_panics_on_a_one_element_tree - should panic ... ok
test datastructures::shape_tree::tests::insert_tiles_leaves_a_hole_where_java_leaves_null ... ok
test datastructures::shape_tree::tests::insert_tiles_on_no_shapes_returns_no_entries ... ok
test datastructures::shape_tree::tests::octagon_bounds_work_end_to_end ... ok
test datastructures::shape_tree::tests::remove_opt_skips_holes_like_java ... ok
test datastructures::delaunay::tests::fifty_random_points_are_a_full_triangulation ... ok
test datastructures::shape_tree::tests::removing_a_leaf_twice_panics - should panic ... ok
test datastructures::shape_tree::tests::tree_entry_orders_by_object_then_shape_index ... ok
test datastructures::time_limit::tests::a_long_limit_is_not_exceeded_yet ... ok
test datastructures::time_limit::tests::a_nan_factor_leaves_the_limit_unchanged ... ok
test datastructures::time_limit::tests::a_negative_limit_is_exceeded_immediately ... ok
test datastructures::time_limit::tests::multiply_clamps_at_integer_max_value ... ok
test datastructures::time_limit::tests::multiply_ignores_non_positive_factors ... ok
test datastructures::time_limit::tests::multiply_scales_and_truncates ... ok
test datastructures::time_limit::tests::stop_check_reads_a_flag ... ok
test error::tests::invalid_layer_displays_index ... ok
test error::tests::normalization_wraps_polyline_error_via_from ... ok
test error::tests::unknown_item_displays_id ... ok
test ids::tests::generator_does_not_wrap_one_below_max ... ok
test ids::tests::generator_starts_at_one ... ok
test ids::tests::generator_wraps_like_java ... ok
test ids::tests::item_id_display ... ok
test ids::tests::max_generated_id_tracks_last ... ok
test ids::tests::tree_object_ordering_reproduces_the_two_java_compare_tos ... ok
test ids::tests::tree_object_sets_iterate_rooms_first_then_items_by_descending_id ... ok
test items::area::tests::area_types_are_send_and_sync ... ok
test items::area::tests::partial_eq_ignores_the_absolute_area_memo ... ok
test items::area::tests::wrap_into_a_full_turn_matches_javas_two_while_loops ... ok
test items::drill::tests::item_is_send_and_sync ... ok
test items::header::tests::an_empty_shape_list_is_not_the_same_as_no_shape_list ... ok
test items::header::tests::assign_net_no_ignores_a_net_number_above_the_boards_maximum ... ok
test items::header::tests::assign_net_no_on_an_item_with_no_nets_gives_it_one ... ok
test items::header::tests::assign_net_no_ignores_non_normal_net_numbers ... ok
test items::header::tests::assign_net_no_on_an_item_with_one_net_replaces_it ... ok
test items::header::tests::autoroute_info_is_created_on_demand_and_cleared ... ok
test items::header::tests::assign_net_no_replaces_the_whole_array ... ok
test items::header::tests::clear_derived_data_drops_shapes_and_autoroute_info_but_not_leaves ... ok
test items::header::tests::clear_precalculated_tree_shapes_keeps_the_leaves ... ok
test items::header::tests::component_id_defaults_and_assigns ... ok
test items::header::tests::clear_search_tree_entries_drops_everything ... ok
test items::header::tests::contains_net_rejects_non_positive_numbers_even_when_present ... ok
test items::header::tests::id_is_what_the_constructor_was_given ... ok
test items::header::tests::is_shove_fixed_is_true_from_shove_fixed_upwards ... ok
test items::header::tests::is_user_fixed_is_true_from_user_fixed_upwards ... ok
test items::header::tests::net_count_and_get_net_number ... ok
test items::header::tests::nets_equal_needs_equal_length_and_membership ... ok
test items::header::tests::get_net_number_panics_out_of_range_like_java - should panic ... ok
test items::header::tests::nets_normal_checks_every_number ... ok
test items::header::tests::on_the_board_starts_false ... ok
test items::header::tests::remove_from_net_on_a_single_net_item_empties_the_array ... ok
test items::header::tests::remove_from_net_removes_and_reports ... ok
test items::header::tests::remove_from_net_removes_the_first_duplicate ... ok
test items::header::tests::set_fixed_state_round_trips ... ok
test items::header::tests::set_clearance_class_ignores_an_out_of_range_index ... ok
test items::header::tests::shares_net_no_compares_raw_array_elements ... ok
test board::contact_cache::tests::normalization_discards_cache_at_every_stop_boundary ... ok
test items::header::tests::smallest_clearance_starts_at_the_minus_one_sentinel ... ok
test items::header::tests::tree_entries_are_absent_until_set ... ok
test items::header::tests::tree_entries_round_trip_per_tree ... ok
test items::header::tests::unfix_spares_system_fixed_items ... ok
test items::tests::as_connectable_matches_javas_implements_clauses ... ok
test items::tests::autoroute_scratch_goes_through_the_header ... ok
test items::tests::board_outline_copy_resets_to_the_constructors_hard_coded_values ... ok
test items::tests::board_outline_half_width_is_javas_constant ... ok
test items::tests::board_outline_is_an_obstacle_to_everything_but_outlines_and_areas ... ok
test items::tests::compare_to_orders_by_descending_id_like_java ... ok
test items::tests::component_keepout_copy_drops_the_nets ... ok
test items::tests::component_keepout_is_obstacle_only_to_other_components_keepouts ... ok
test items::tests::component_outline_copy_drops_the_nets_and_the_clearance_class ... ok
test items::tests::component_outline_has_no_tile_shapes ... ok
test items::tests::component_outline_is_never_an_obstacle ... ok
test items::tests::conduction_area_copy_fails_only_above_one_net ... ok
test items::tests::conduction_area_copy_resets_is_filled_to_true ... ok
test items::tests::conduction_area_flags_round_trip ... ok
test items::tests::conduction_area_is_obstacle_delegates_to_super_only_when_the_flag_is_set ... ok
test items::tests::connectable_ref_forwards_the_two_net_methods ... ok
test items::tests::copy_carries_the_header_and_takes_the_new_id ... ok
test items::tests::display_matches_java_to_string ... ok
test items::tests::duplicate_restores_on_the_board ... ok
test items::tests::header_dispatch_reaches_every_variant ... ok
test items::tests::is_connectable_also_needs_a_net ... ok
test items::tests::is_deletion_forbidden_for_component_items_and_user_fixed_items ... ok
test items::tests::is_deletion_forbidden_on_a_free_conduction_area_reads_its_layer ... ok
test items::tests::is_deletion_forbidden_takes_the_short_circuit_before_the_conduction_area_branch ... ok
test items::tests::is_drillable_matches_the_base_and_its_two_overrides ... ok
test items::tests::is_obstacle_area_covers_the_whole_java_subclass_family ... ok
test items::tests::is_obstacle_for_net_is_plain_non_membership ... ok
test items::tests::is_routable_is_true_only_for_unfixed_traces_and_vias_with_a_net ... ok
test items::tests::is_shove_fixed_applies_traces_net_class_override ... ok
test items::tests::is_shove_fixed_base_body_still_wins_for_a_fixed_trace ... ok
test items::tests::is_shove_fixed_override_is_traces_only ... ok
test items::tests::is_trace_and_is_drill_item_cover_their_families ... ok
test items::tests::is_shove_fixed_panics_on_a_net_number_past_the_net_list_like_java - should panic ... ok
test items::tests::is_trace_obstacle_matches_the_base_and_its_three_overrides ... ok
test items::tests::is_shove_fixed_skips_non_normal_net_numbers ... ok
test items::tests::kind_matches_get_board_item_type ... ok
test items::tests::pin_is_obstacle_matches_pin_java ... ok
test items::tests::pin_is_obstacle_to_a_same_net_via_only_when_it_is_not_an_smd_pad ... ok
test items::tests::obstacle_area_is_obstacle_only_to_foreign_net_traces_and_vias ... ok
test items::tests::tree_object_from_an_item_is_its_id ... ok
test items::tests::trace_is_obstacle_matches_trace_java ... ok
test items::tests::tree_objects_of_two_items_order_like_item_compare_to ... ok
test items::tests::tree_shape_bookkeeping_goes_through_the_header ... ok
test items::tests::via_copy_carries_attach_allowed_the_padstack_and_the_escape_via_fields ... ok
test items::tests::via_is_obstacle_to_a_same_net_pin_only_when_attach_is_not_allowed ... ok
test items::tests::via_is_obstacle_matches_via_java ... ok
test items::tests::via_keepout_is_obstacle_only_to_foreign_net_vias ... ok
test library::board_library::tests::default_board_library_is_empty ... ok
test library::board_library::tests::add_via_padstack_debug_asserts_the_id_resolves - should panic ... ok
test library::board_library::tests::get_mirrored_via_padstack_finds_the_layer_reversed_via ... ok
test library::board_library::tests::get_mirrored_via_padstack_returns_self_when_spanning_the_whole_board ... ok
test library::board_library::tests::get_mirrored_via_padstack_none_when_no_match ... ok
test library::board_library::tests::get_padstack_and_get_package_delegate ... ok
test library::board_library::tests::get_via_padstack_by_name_is_case_sensitive ... ok
test library::board_library::tests::is_used_true_when_a_drill_item_matches ... ok
test library::board_library::tests::is_used_checks_package_pins_when_no_drill_item_matches ... ok
test library::board_library::tests::the_via_padstack_list_is_guarded_before_any_via_padstack_was_ever_added ... ok
test library::board_library::tests::via_padstacks_order_after_add_and_remove_matches_java_vector_semantics ... ok
test library::logical_part::tests::add_sort_is_stable_for_equal_pin_index ... ok
test library::logical_part::tests::add_sorts_pins_by_pin_index ... ok
test library::logical_part::tests::count_tracks_added_parts ... ok
test library::logical_part::tests::get_by_id_panics_out_of_range_like_java_elementat - should panic ... ok
test library::logical_part::tests::get_pin_bounds_checked ... ok
test library::logical_part::tests::part_pin_compare_to_orders_by_pin_index_only ... ok
test library::logical_part::tests::get_by_name_is_case_insensitive ... ok
test library::package::tests::add_pins_generates_sequential_names_and_defaults ... ok
test library::package::tests::get_by_id_panics_out_of_range_like_java_elementat - should panic ... ok
test library::package::tests::get_by_name_falls_back_to_the_other_side_when_only_side_present ... ok
test library::package::tests::get_by_name_prefers_exact_variant_even_on_other_side ... ok
test library::package::tests::get_by_name_prefers_matching_side_falls_back_to_other_side ... ok
test library::package::tests::get_by_name_strips_double_colon_suffix ... ok
test library::package::tests::get_pin_bounds_checked ... ok
test library::package::tests::get_pin_index_is_case_sensitive ... ok
test library::package::tests::package_compare_to_is_case_insensitive ... ok
test library::package::tests::package_pin_lookup_by_name ... ok
test library::padstack::tests::add_layer_range_clamps_to_board_bounds ... ok
test library::padstack::tests::add_unnamed_generates_sequential_names ... ok
test library::padstack::tests::drill_radius_falls_back_to_smallest_radius_times_045_without_a_colon ... ok
test library::padstack::tests::drill_radius_falls_back_when_no_underscore_before_the_colon ... ok
test library::padstack::tests::drill_radius_parses_outer_and_drill_diameter_from_the_name ... ok
test library::padstack::tests::get_trace_exit_directions_allows_all_when_within_factor ... ok
test library::padstack::tests::get_trace_exit_directions_empty_for_non_box_octagon_shapes ... ok
test library::padstack::tests::get_trace_exit_directions_empty_out_of_range_or_no_shape ... ok
test library::padstack::tests::get_trace_exit_directions_matches_java_for_a_wide_pad ... ok
test library::padstack::tests::padstack_compare_to_is_case_insensitive ... ok
test library::padstack::tests::padstack_with_no_shapes_reports_out_of_range_from_and_to_layer ... ok
test library::padstack::tests::padstacks_get_by_id_is_one_based_and_bounds_checked ... ok
test library::padstack::tests::two_layer_padstack_from_layer_and_to_layer ... ok
test library::padstack::tests::padstacks_implements_padstack_lookup ... ok
test library::padstack::tests::padstacks_get_by_name_is_case_insensitive ... ok
test rules::board_rules::tests::accessor_round_trips ... ok
test rules::board_rules::tests::append_net_class_copies_the_default_class_settings ... ok
test rules::board_rules::tests::append_net_class_named_returns_an_existing_class_untouched ... ok
test rules::board_rules::tests::change_clearance_class_index_renumbers_items_net_classes_and_vias ... ok
test rules::board_rules::tests::clearance_class_renumbering_does_not_reach_a_rules_copy ... ok
test rules::board_rules::tests::create_default_via_rule_does_nothing_without_via_infos ... ok
test rules::board_rules::tests::constructor_seeds_match_java ... ok
test rules::board_rules::tests::create_default_via_rule_keeps_the_smallest_pad_per_layer_range ... ok
test rules::board_rules::tests::default_via_diameter ... ok
test rules::board_rules::tests::get_default_net_class_creates_it_lazily ... ok
test rules::board_rules::tests::get_trace_half_width_goes_through_the_nets_net_class ... ok
test rules::board_rules::tests::hole_clearance_clamps_to_zero ... ok
test rules::board_rules::tests::get_trace_half_width_panics_on_unknown_net - should panic ... ok
test rules::board_rules::tests::new_net_class_inherits_from_the_default_class ... ok
test rules::board_rules::tests::remove_clearance_class_refuses_while_the_class_is_in_use ... ok
test rules::board_rules::tests::set_default_trace_half_width_updates_the_running_min_and_max ... ok
test rules::board_rules::tests::set_default_trace_half_widths_rejects_non_positive_values ... ok
test rules::board_rules::tests::static_clearance_class_constants ... ok
test rules::clearance_matrix::tests::append_class_to_a_one_class_matrix_reads_the_still_empty_class_one ... ok
test rules::clearance_matrix::tests::append_class_copies_the_default_class_values ... ok
test rules::clearance_matrix::tests::constructor_clamps_the_class_count_up_to_one ... ok
test rules::clearance_matrix::tests::clearance_compensation_value_is_half_the_self_clearance_rounded_up ... ok
test rules::clearance_matrix::tests::default_instance_rounds_an_odd_default_value_up ... ok
test rules::clearance_matrix::tests::get_no_is_case_insensitive ... ok
test rules::clearance_matrix::tests::default_instance_initialises_only_classes_above_zero ... ok
test rules::clearance_matrix::tests::is_equal_skips_class_zero_and_short_circuits_on_identity ... ok
test rules::clearance_matrix::tests::out_of_range_arguments_answer_like_java ... ok
test rules::clearance_matrix::tests::is_layer_dependent_panics_on_an_out_of_range_class_like_java - should panic ... ok
test rules::clearance_matrix::tests::out_of_range_is_inner_layer_dependent_returns_false_before_indexing ... ok
test rules::clearance_matrix::tests::set_inner_value_touches_only_the_inner_layers ... ok
test rules::clearance_matrix::tests::set_value_on_all_layers_then_set_default_value_on_one_layer ... ok
test rules::clearance_matrix::tests::remove_class_zero_shifts_the_default_class_down ... ok
test rules::clearance_matrix::tests::remove_class_drops_the_row_and_column_and_loses_every_row_maximum ... ok
test rules::clearance_matrix::tests::set_value_panics_on_an_out_of_range_class_i_like_java - should panic ... ok
test rules::clearance_matrix::tests::set_value_panics_on_an_out_of_range_layer_like_java - should panic ... ok
test rules::clearance_matrix::tests::set_value_panics_on_an_out_of_range_class_j_like_java - should panic ... ok
test rules::clearance_matrix::tests::the_neighbours_of_an_out_of_range_write_are_untouched ... ok
test rules::drc_constraints::tests::a_fresh_board_rules_has_no_constraints ... ok
test rules::drc_constraints::tests::merge_lets_the_project_win_per_field_and_the_dsn_fill_gaps ... ok
test rules::net::tests::add_numbers_nets_from_one ... ok
test rules::net::tests::compare_to_ignores_case ... ok
test rules::net::tests::contains_plane_round_trips ... ok
test rules::net::tests::get_by_name_ignores_case_and_collects_subnets ... ok
test rules::net::tests::get_is_one_based_and_bounds_checked ... ok
test rules::net::tests::net_display_matches_java_to_string ... ok
test rules::net::tests::new_net_generates_the_untranslated_key_name ... ok
test rules::net::tests::set_class_replaces_the_net_class_index ... ok
test rules::net_class::tests::active_routing_layer_setters ... ok
test rules::net_class::tests::append_with_generated_name_skips_taken_names ... ok
test rules::net_class::tests::default_item_clearance_classes_leave_none_at_zero ... ok
test rules::net_class::tests::find_matches_uniform_width_clearance_class_and_via_rule ... ok
test rules::net_class::tests::net_classes_append_and_lookup ... ok
test rules::net_class::tests::set_all_still_skips_none_but_set_does_not ... ok
test rules::net_class::tests::item_class_ordinals_match_java_declaration_order ... ok
test rules::net_class::tests::trace_half_width_setters_cover_all_inner_and_single_layers ... ok
test rules::net_class::tests::new_net_class_activates_exactly_the_signal_layers ... ok
test rules::net_class::tests::trace_width_is_inner_layer_dependent ... ok
test rules::net_class::tests::trace_width_is_inner_layer_dependent_reproduces_the_java_scan_overrun - should panic ... ok
test rules::tests::compare_to_ignore_case_orders_ascii_case_insensitively ... ok
test rules::net_class::tests::trace_width_is_layer_dependent_skips_non_signal_layers ... ok
test rules::tests::equals_ignore_case_is_ascii_case_insensitive ... ok
test rules::via::tests::a_rule_cannot_hold_two_equal_via_infos ... ok
test rules::via::tests::a_via_rule_holds_its_own_copy ... ok
test rules::via::tests::add_rejects_duplicate_names ... ok
test rules::via::tests::contains_padstack_reads_the_held_via ... ok
test rules::via::tests::get_layer_range_finds_the_first_matching_via ... ok
test rules::via::tests::name_lookup_is_case_sensitive ... ok
test rules::via::tests::remove_reports_whether_the_via_was_present ... ok
test rules::via::tests::remove_via_removes_the_first_equal_element ... ok
test rules::via::tests::replace_via_info_leaves_every_rule_alone ... ok
test rules::via::tests::via_info_accessors_round_trip ... ok
test rules::via::tests::replace_via_rule_leaves_every_net_class_holding_what_it_held ... ok
test rules::via::tests::via_info_compare_to_is_case_sensitive ... ok
test rules::via::tests::via_info_equality_is_by_value ... ok
test rules::via::tests::via_rule_append_remove_and_contains ... ok
test structure::board_outline::tests::board_outline_is_send_and_sync ... ok
test structure::board_outline::tests::get_keepout_lines_is_always_empty ... ok
test structure::component::tests::add_assigns_consecutive_ids_from_one ... ok
test structure::component::tests::add_stores_every_constructor_argument ... ok
test datastructures::delaunay::tests::the_edge_set_is_independent_of_insertion_order ... ok
test structure::component::tests::add_with_generated_name_numbers_from_one ... ok
test structure::component::tests::change_side_flips_and_mirrors ... ok
test structure::component::tests::change_side_on_an_unplaced_component_is_guarded ... ok
test structure::component::tests::clone_carries_the_logical_part ... ok
test structure::component::tests::compare_to_orders_by_name_ignoring_case ... ok
test structure::component::tests::flip_style_rotate_first_round_trips_and_defaults_to_false ... ok
test structure::component::tests::display_is_the_name ... ok
test structure::component::tests::get_all_yields_the_components_in_id_order ... ok
test structure::component::tests::get_by_name_is_case_sensitive ... ok
test structure::component::tests::get_by_id_past_the_end_panics_like_java_element_at - should panic ... ok
test structure::component::tests::get_by_id_zero_panics_like_java_element_at - should panic ... ok
test structure::component::tests::get_package_picks_the_side ... ok
test structure::component::tests::is_placed_follows_the_location ... ok
test structure::component::tests::logical_part_round_trips ... ok
test structure::component::tests::rotate_advances_the_rotation_and_moves_the_location ... ok
test structure::component::tests::rotate_by_zero_is_a_no_op ... ok
test structure::component::tests::rotate_on_the_back_side_with_flip_style_rotate_first_uses_the_complement ... ok
test structure::component::tests::the_constructor_normalises_the_rotation_into_zero_to_360 ... ok
test structure::component::tests::rotate_on_the_front_side_ignores_flip_style_rotate_first ... ok
test structure::component::tests::translate_by_moves_a_placed_component_and_spares_an_unplaced_one ... ok
test structure::component::tests::turn_90_degree_advances_the_rotation_and_moves_the_location ... ok
test structure::component::tests::turn_90_degree_by_zero_is_a_no_op ... ok
test structure::component::tests::turn_90_degree_wraps_the_rotation ... ok
test structure::layer::tests::angle_restriction_value_of_and_get_value_round_trip ... ok
test structure::layer::tests::fixed_state_ordering_matches_java_ordinal_order ... ok
test structure::layer::tests::count_and_signal_layer_count ... ok
test structure::layer::tests::get_layer_no_of_signal_layer_round_trips_get_signal_layer ... ok
test structure::layer::tests::get_no_finds_by_name ... ok
test structure::layer::tests::get_no_of_layer_uses_identity ... ok
test structure::layer::tests::get_signal_layer_indexes_only_signal_layers ... ok
test structure::layer::tests::get_signal_layer_no_counts_preceding_signal_layers ... ok
test structure::layer::tests::get_signal_layer_out_of_range_is_none ... ok
test structure::layer::tests::layer_display_is_name ... ok
test structure::layer::tests::unit_display_is_lowercase ... ok
test structure::layer::tests::unit_from_string_is_case_insensitive ... ok
test structure::layer::tests::unit_scale_inch_to_mil ... ok
test structure::layer::tests::unit_scale_identity ... ok
test structure::layer::tests::unit_scale_mm_to_inch ... ok
test datastructures::delaunay::tests::a_seven_by_seven_dense_draw_keeps_every_edge ... ok

test result: ok. 330 passed; 0 failed; 0 ignored; 0 measured; 0 filtered out; finished in 7.93s

     Running tests/areas_and_outlines.rs (/Users/em/Development/freerouting/copperroute-congestion-study/target/debug/deps/areas_and_outlines-94695596d8b7f567)

running 34 tests
test board_outline_bounding_box_is_the_union_of_its_shapes ... ok
test board_outline_copy_carries_the_shapes ... ok
test board_outline_is_an_obstacle_to_everything_but_outlines_and_areas ... ok
test board_outline_shape_accessors_match_java ... ok
test an_l_shaped_obstacle_area_splits_into_two_tiles_and_carries_the_translation ... ok
test a_rotation_that_is_not_a_multiple_of_90_degrees_uses_rotate_approx ... ok
test a_rotation_that_is_a_multiple_of_90_degrees_uses_turn_90_degree ... ok
test board_outline_keepout_area_is_the_board_box_with_the_outlines_as_holes ... ok
test board_outline_shape_layer_spreads_the_index_over_the_layers ... ok
test component_outline_change_placement_side_flips_is_front_and_mirrors_the_translation ... ok
test change_placement_side_flips_the_layer_and_mirrors_the_translation ... ok
test component_outline_layer_is_zero_on_the_front_and_the_last_layer_on_the_back ... ok
test component_outline_mirrors_when_it_is_on_the_back_not_when_side_changed ... ok
test component_outline_flags_and_area_come_from_the_constructor ... ok
test board_outline_tile_shape_count_switches_between_keepout_tiles_and_outline_lines ... ok
test component_outline_copy_carries_the_geometry_but_drops_the_nets ... ok
test clear_derived_data_chains_to_the_header ... ok
test component_outline_rotate_approx_complements_the_angle_on_the_back ... ok
test conduction_area_clear_derived_data_drops_the_absolute_area ... ok
test conduction_area_is_obstacle_toggles_with_its_own_flag ... ok
test conduction_area_trace_connection_shape_is_the_tree_shape ... ok
test copy_carries_the_whole_geometry_and_the_name ... ok
test every_obstacle_area_invalidation_point_drops_the_convex_pieces_memo ... ok
test flip_style_rotate_first_decides_whether_the_mirror_runs_before_or_after_the_rotation ... ok
test generate_keepout_outside_is_a_no_op_when_the_value_does_not_change ... ok
test item_dispatch_reaches_every_area_body ... ok
test rotate_approx_rounds_the_new_translation_and_complements_the_angle_when_flipped ... ok
test the_board_outline_keepout_pieces_are_memoised_and_dropped_by_every_transform ... ok
test split_to_convex_is_memoised_and_hands_back_the_same_slice ... ok
test the_mirror_is_a_vertical_mirror_through_the_origin ... ok
test the_outline_moves_turns_rotates_and_mirrors ... ok
test the_three_subclasses_share_the_obstacle_area_geometry ... ok
test translate_by_adds_to_the_translation_and_drops_the_absolute_area_cache ... ok
test turn_90_degree_wraps_the_rotation_and_turns_the_translation_around_the_pole ... ok

test result: ok. 34 passed; 0 failed; 0 ignored; 0 measured; 0 filtered out; finished in 0.01s

     Running tests/autoroute_info.rs (/Users/em/Development/freerouting/copperroute-congestion-study/target/debug/deps/autoroute_info-5ccf54f6d47f5142)

running 7 tests
test default_is_javas_freshly_constructed_item_autoroute_info ... ok
test board_builder::the_fixture_matches_the_java_driver_board ... ok
test get_autoroute_info_pur_mut_writes_without_creating ... ok
test item_tree_shape_with_an_out_of_range_index_drops_the_autoroute_info ... ok
test clear_autoroute_info_drops_a_populated_body ... ok
test get_autoroute_info_creates_the_default_body_on_demand ... ok
test deep_copy_drops_a_populated_autoroute_info ... ok

test result: ok. 7 passed; 0 failed; 0 ignored; 0 measured; 0 filtered out; finished in 0.00s

     Running tests/board.rs (/Users/em/Development/freerouting/copperroute-congestion-study/target/debug/deps/board-d3bd8e18b458cea4)

running 87 tests
test a_changed_area_knows_how_many_layers_it_was_made_for ... ok
test a_via_keepout_is_skipped_by_store_items_outside_a_pad_check ... ok
test a_same_net_via_is_not_an_obstacle_for_an_smd_pin ... ok
test a_host_cad_communication_lowers_the_obstacle_area_section_width ... ok
test a_host_cad_at_a_coarse_resolution_keeps_the_fifty_thousand_default ... ok
test a_query_after_change_clearance_class_index_recomputes_the_cold_shape_cache ... ok
test a_trace_with_a_free_end_is_a_tail ... ok
test a_trace_reachable_from_itself_by_two_paths_is_a_cycle ... ok
test board_builder::the_fixture_matches_the_java_driver_board ... ok
test all_contacts_on_layer_splits_the_via_by_layer ... ok
test all_contacts_and_is_connected_agree_with_the_jvm ... ok
test board_is_send_and_sync_and_clones_independently ... ok
test change_clearance_class_index_writes_the_class_and_keeps_validate_happy ... ok
test changed_area_lifecycle_matches_the_characterization_test ... ok
test an_empty_trace_sum_is_positive_zero_like_javas_accumulator ... ok
test check_move_item_consults_the_ignore_set ... ok
test check_polyline_trace_consumes_an_item_id_like_javas_temporary_trace ... ok
test all_nets_skips_a_net_the_net_list_does_not_know ... ok
test change_conduction_is_obstacle_applies_what_it_is_asked ... ok
test clear_all_item_temporary_autoroute_data_drops_every_scratch_record ... ok
test check_trace_segment_is_free_where_nothing_is_and_blocked_where_something_is ... ok
test component_obstacle_area_is_front_answers_true_for_an_item_of_no_component ... ok
test check_polyline_trace_uses_the_compensated_tree_shapes ... ok
test cutout_trace_replaces_the_trace_with_the_two_pieces_outside_the_shape ... ok
test delete_all_tracks_and_vias_leaves_only_the_areas_and_the_outline ... ok
test connection_items_walks_its_start_contacts_in_descending_id ... ok
test cutout_traces_skips_the_own_net_and_cuts_the_rest_in_board_order ... ok
test every_insert_bumps_the_revision_once ... ok
test connected_set_crosses_layers_through_the_via ... ok
test first_common_layer_is_none_where_java_returns_minus_one ... ok
test connection_items_walks_the_contacts_of_a_fork_in_descending_id_order ... ok
test connection_items_stop_at_the_terminal_pins_and_at_a_via_when_asked ... ok
test get_trace_tail_finds_an_uncontacted_end_of_exactly_these_nets ... ok
test host_is_old_kicad_is_guarded_on_a_version_that_overflows_an_int ... ok
test has_ignored_nets_reads_the_net_class_flag ... ok
test generate_keepout_outside_swaps_the_outlines_tree_shapes ... ok
test get_connected_sets_partitions_the_net ... ok
test insert_clamps_an_out_of_range_clearance_class_to_zero ... ok
test insert_and_remove_keep_the_default_tree_in_sync ... ok
test insert_trace_without_cleaning_refuses_a_degenerate_or_closed_trace ... ok
test item_queries_remain_stable ... ok
test increment_revision_is_the_only_way_to_bump_it_by_hand ... ok
test is_cycle_recu_walks_a_vias_contacts_in_descending_id_order ... ok
test has_ignored_nets_panics_on_a_net_the_net_list_does_not_know - should panic ... ok
test move_item_by_moves_the_item_and_its_tree_entries ... ok
test normal_contact_point_answers_the_shared_corner_and_null_otherwise ... ok
test one_visit_reduces_only_the_visited_net ... ok
test item_tree_shape_answers_none_past_the_end_after_one_retry ... ok
test make_conductive_replaces_the_area_with_a_conduction_area_on_the_net ... ok
test normal_contacts_walk_the_pin_trace_via_trace_pin_chain ... ok
test reduce_nets_of_route_items_reduces_but_always_reports_false ... ok
test ratsnest_corners_are_the_uncontacted_ends_only ... ok
test remove_refuses_a_system_fixed_item ... ok
test a_cyclic_contact_graph_terminates_with_a_visited_set ... ok
test remove_items_marking_changed_area_marks_what_it_removed ... ok
test remove_if_cycle_removes_the_connection_of_a_cycling_trace ... ok
test remove_trace_tails_finds_nothing_on_a_fully_contacted_net ... ok
test remove_items_reports_whether_everything_went ... ok
test shape_and_entry_side_takes_the_bounding_box_in_orthogonal_mode ... ok
test shape_entry_side_finds_the_border_a_polyline_enters_through ... ok
test remove_trace_tails_removes_a_stub ... ok
test store_items_refuses_a_non_shovable_item_of_a_foreign_net ... ok
test setting_flip_style_clears_the_item_caches ... ok
test store_items_refuses_a_shove_fixed_obstacle_of_a_foreign_net ... ok
test set_clearance_compensation_used_rebuilds_the_board_tree ... ok
test store_items_sorts_the_crossing_traces_and_builds_a_substitute_piece ... ok
test start_marking_changed_area_is_idempotent ... ok
test swappable_pins_is_empty_without_a_logical_part ... ok
test the_changed_area_accumulates_points_and_shapes_per_layer ... ok
test the_constructor_inserts_the_board_outline_as_item_one ... ok
test the_check_queries_match_the_jvm ... ok
test the_clearance_queries_match_the_jvm ... ok
test the_ids_the_typed_inserters_hand_out_match_the_jvm ... ok
test tails_overlaps_and_cycles_are_all_absent_on_a_well_formed_chain ... ok
test the_item_list_iterates_in_descending_id_like_java ... ok
test the_net_queries_walk_the_item_list ... ok
test the_remaining_typed_inserters_match_the_jvm ... ok
test the_typed_query_sets_come_back_in_java_order ... ok
test the_shove_failure_fields_round_trip ... ok
test the_scalar_queries_match_the_jvm ... ok
test touching_pins_at_end_corners_finds_the_pad_under_the_trace_end ... ok
test the_via_is_a_fanout_via_because_a_short_trace_reaches_an_smd_pin ... ok
test the_fanout_via_break_changes_the_connection_set ... ok
test validate_accepts_a_well_formed_board ... ok
test unconnected_set_is_empty_when_the_net_is_fully_connected ... ok
test the_trace_geometry_adapter_wrappers_keep_the_tree_in_step ... ok
test unfill_conduction_areas_clears_both_flags_and_reinserts ... ok

test result: ok. 87 passed; 0 failed; 0 ignored; 0 measured; 0 filtered out; finished in 0.01s

     Running tests/board_builder.rs (/Users/em/Development/freerouting/copperroute-congestion-study/target/debug/deps/board_builder-e999aff4e69d0eb7)

running 1 test
test the_fixture_matches_the_java_driver_board ... ok

test result: ok. 1 passed; 0 failed; 0 ignored; 0 measured; 0 filtered out; finished in 0.00s

     Running tests/clearance_matrix.rs (/Users/em/Development/freerouting/copperroute-congestion-study/target/debug/deps/clearance_matrix-2d47b818534b9219)

running 5 tests
test nets_hidden_net_constant ... ok
test get_value_uses_j_then_i_indexing ... ok
test via_rule_empty ... ok
test safety_margin_adds_16 ... ok
test set_value_matches_java_test ... ok

test result: ok. 5 passed; 0 failed; 0 ignored; 0 measured; 0 filtered out; finished in 0.00s

     Running tests/clearance_override.rs (/Users/em/Development/freerouting/copperroute-congestion-study/target/debug/deps/clearance_override-518ff0f202796e05)

running 10 tests
test board_builder::the_fixture_matches_the_java_driver_board ... ok
test a_board_without_circular_component_keepouts_gets_no_hole_edge_class ... ok
test a_negative_copper_clearance_changes_nothing ... ok
test an_existing_board_edge_class_is_reused_rather_than_appended ... ok
test the_copper_override_writes_the_whole_row_and_column_on_every_layer ... ok
test a_negative_hole_clearance_changes_nothing ... ok
test an_odd_board_unit_value_lands_in_the_matrix_rounded_up ... ok
test an_explicitly_supplied_default_is_applied ... ok
test the_default_zero_hole_clearance_appends_nothing ... ok
test the_hole_override_writes_unconditionally_and_reports_only_real_changes ... ok

test result: ok. 10 passed; 0 failed; 0 ignored; 0 measured; 0 filtered out; finished in 0.00s

     Running tests/clearance_violations.rs (/Users/em/Development/freerouting/copperroute-congestion-study/target/debug/deps/clearance_violations-e6d1fec773adfb56)

running 16 tests
test bisection_returns_low_after_sixteen_halvings ... ok
test board_builder::the_fixture_matches_the_java_driver_board ... ok
test aggregate_over_a_clean_board_is_empty ... ok
test escape_via_keeps_same_net_violations_on_other_layers ... ok
test clearance_matrix_argument_order_is_other_then_this ... ok
test aggregate_is_sorted_by_shortfall_descending_and_double_counts ... ok
test escape_via_drops_same_net_violations_on_its_smd_layer ... ok
test same_net_items_are_not_obstacles ... ok
test a_plain_via_keeps_every_violation ... ok
test smallest_clearance_only_ever_falls_and_is_never_reset ... ok
test smallest_clearance_over_the_board_is_max_value_until_something_is_computed ... ok
test the_bisection_matches_the_jvm ... ok
test two_overlapping_pins_of_different_nets_violate ... ok
test tie_pin_exemption_suppresses_a_trace_pair ... ok
test tie_pin_exemption_also_fires_at_the_last_corner ... ok
test the_violation_count_is_the_length_of_the_violation_list ... ok

test result: ok. 16 passed; 0 failed; 0 ignored; 0 measured; 0 filtered out; finished in 0.00s

     Running tests/component.rs (/Users/em/Development/freerouting/copperroute-congestion-study/target/debug/deps/component-668b96a4cbdd4a54)

running 2 tests
test at_one_hundred_and_eighty_degrees_the_bug_was_invisible ... ok
test a_back_side_rotation_keeps_the_outline_and_the_pads_together ... ok

test result: ok. 2 passed; 0 failed; 0 ignored; 0 measured; 0 filtered out; finished in 0.00s

     Running tests/conduction.rs (/Users/em/Development/freerouting/copperroute-congestion-study/target/debug/deps/conduction-b65557b26728d829)

running 4 tests
test board_builder::the_fixture_matches_the_java_driver_board ... ok
test a_signal_layer_pour_obstructs_a_foreign_net ... ok
test unfill_and_change_agree_on_what_the_pair_means ... ok
test the_conduction_flag_mirrors_the_per_item_state_from_either_start ... ok

test result: ok. 4 passed; 0 failed; 0 ignored; 0 measured; 0 filtered out; finished in 0.00s

     Running tests/consistency.rs (/Users/em/Development/freerouting/copperroute-congestion-study/target/debug/deps/consistency-a8ab89063afd8d2b)

running 7 tests
test board_is_send_sync_and_clone ... ok
test board_builder::the_fixture_matches_the_java_driver_board ... ok
test deep_copy_is_hash_equal_and_query_equal ... ok
test item_iteration_is_descending_board_order ... ok
test forty_five_degree_tile_shapes_are_never_looser_than_ninety_degree_ones ... ok
test normalize_traces_is_idempotent ... ok
test insert_remove_round_trips_leave_leaf_count_and_queries_unchanged ... ok

test result: ok. 7 passed; 0 failed; 0 ignored; 0 measured; 0 filtered out; finished in 0.00s

     Running tests/drill_items.rs (/Users/em/Development/freerouting/copperroute-congestion-study/target/debug/deps/drill_items-f5090fa3efaef610)

running 22 tests
test a_pin_on_more_than_one_net_refuses_to_swap ... ok
test a_through_hole_pin_is_an_obstacle_to_a_same_net_via ... ok
test an_attachable_via_is_not_an_obstacle_to_a_same_net_smd_pin ... ok
test a_back_placed_pin_mirrors_the_padstack_layers ... ok
test a_via_that_changes_side_recomputes_its_minimum_width ... ok
test get_trace_connection_shape_is_the_centre_point ... ok
test a_negative_pin_edge_to_turn_dist_disables_both_exit_corner_helpers ... ok
test calc_nearest_exit_restriction_direction_follows_where_the_trace_leaves_the_pad ... ok
test item_clear_derived_data_drops_the_drill_caches ... ok
test item_dispatch_reaches_the_drill_item_bodies ... ok
test nearest_trace_exit_corner_picks_the_closest_offset_pad_exit ... ok
test pin_min_width_takes_the_smallest_bounding_box_side_over_signal_layers ... ok
test pin_names_come_from_the_component_package ... ok
test pin_transforms_throw_the_centre_away_instead_of_moving_it ... ok
test shape_layer_clamps_the_index_into_the_pin_layer_range ... ok
test swapping_two_pins_exchanges_their_nets_and_their_changed_to_aliases ... ok
test tht_pin_spans_both_layers_and_places_its_shape_per_layer ... ok
test trace_exit_restrictions_follow_the_component_rotation ... ok
test trace_exit_restrictions_of_a_rectangular_pad_on_a_long_package ... ok
test trace_exit_restrictions_of_a_rectangular_pad_on_a_short_package ... ok
test translating_a_via_moves_its_centre_and_drops_the_shape_cache ... ok
test via_shapes_are_the_padstack_shapes_translated_to_the_centre ... ok

test result: ok. 22 passed; 0 failed; 0 ignored; 0 measured; 0 filtered out; finished in 0.00s

     Running tests/expansion_room_tree.rs (/Users/em/Development/freerouting/copperroute-congestion-study/target/debug/deps/expansion_room_tree-81241534e91071d5)

running 4 tests
test board_builder::the_fixture_matches_the_java_driver_board ... ok
test item_shape_layer_answers_every_item_and_none_for_a_stranger ... ok
test remove_room_takes_the_leaf_out_and_a_none_entry_is_a_no_op ... ok
test a_room_goes_into_the_default_tree_and_sorts_before_every_item ... ok

test result: ok. 4 passed; 0 failed; 0 ignored; 0 measured; 0 filtered out; finished in 0.00s

     Running tests/layer_structure.rs (/Users/em/Development/freerouting/copperroute-congestion-study/target/debug/deps/layer_structure-a83515002504f86a)

running 3 tests
test an_out_of_range_signal_layer_is_none ... ok
test a_zero_net_conduction_area_copies ... ok
test board_builder::the_fixture_matches_the_java_driver_board ... ok

test result: ok. 3 passed; 0 failed; 0 ignored; 0 measured; 0 filtered out; finished in 0.00s

     Running tests/min_area_tree.rs (/Users/em/Development/freerouting/copperroute-congestion-study/target/debug/deps/min_area_tree-ebf25d7d76695971)

running 19 tests
test inserting_an_object_with_no_shapes_does_nothing ... ok
test an_exact_area_tie_goes_to_the_first_child ... ok
test inner_bounds_stay_the_union_of_their_children ... ok
test entries_order_by_object_then_shape_index ... ok
test distance_to_root_matches_java ... ok
test eight_box_insert_builds_the_java_tree ... ok
test eight_box_insert_matches_java_at_every_step ... ok
test leaf_bounds_and_entry_report_what_was_inserted ... ok
test identical_insert_sequences_produce_identical_trees ... ok
test overlaps_matches_java ... ok
test overlaps_on_an_empty_tree_is_empty ... ok
test removal_frees_arena_slots_for_reuse ... ok
test remove_relinks_the_sibling_and_shrinks_ancestors ... ok
test removing_every_leaf_empties_the_tree ... ok
test removing_the_only_leaf_empties_the_tree ... ok
test set_leaf_entry_can_rehome_a_whole_object ... ok
test set_leaf_entry_rewrites_the_key_and_nothing_else ... ok
test to_array_walks_leftmost_leaf_first ... ok
test repeated_overlaps_queries_do_not_disturb_the_tree ... ok

test result: ok. 19 passed; 0 failed; 0 ignored; 0 measured; 0 filtered out; finished in 0.01s

     Running tests/pad_clearance.rs (/Users/em/Development/freerouting/copperroute-congestion-study/target/debug/deps/pad_clearance-55b2cad5cccec2e3)

running 4 tests
test board_builder::the_fixture_matches_the_java_driver_board ... ok
test an_already_sufficient_named_class_is_left_unchanged ... ok
test an_exposed_pad_blocks_foreign_copper_only_on_its_mask_layer ... ok
test mask_floors_preserve_an_escape_from_existing_foreign_pad_copper ... ok

test result: ok. 4 passed; 0 failed; 0 ignored; 0 measured; 0 filtered out; finished in 0.00s

     Running tests/polyline_trace.rs (/Users/em/Development/freerouting/copperroute-congestion-study/target/debug/deps/polyline_trace-38de444fe3f07533)

running 30 tests
test four_collinear_points_collapse_to_a_two_corner_trace ... ok
test copy_carries_the_geometry_and_takes_the_new_id ... ok
test bounding_box_is_the_polyline_box_offset_by_the_half_width ... ok
test connectable_dispatch_reaches_the_trace_connection_shape ... ok
test constructor_clamps_the_layer_into_the_board_stack ... ok
test a_rotated_trace_clears_its_tree_shapes ... ok
test change_placement_side_mirrors_vertically_and_flips_the_layer ... ok
test corners_and_corner_count_follow_the_polyline ... ok
test get_length_is_the_polylines_approximate_length ... ok
test item_dispatch_reaches_the_trace_geometry ... ok
test layer_and_half_width_accessors ... ok
test nearest_end_point_picks_the_closer_corner_and_ties_go_to_the_last ... ok
test offset_shapes_are_the_traces_tree_shapes_before_clearance_compensation ... ok
test perpendicular_split_line_is_none_off_the_segment ... ok
test offset_shapes_of_the_bug_report_polyline_are_three_simplices ... ok
test polyline_accessor_returns_the_stored_geometry ... ok
test polyline_trace_is_send_and_sync ... ok
test split_polyline_at_line_is_the_private_java_overload ... ok
test split_polyline_at_point_at_an_end_corner_is_none ... ok
test split_polyline_at_point_at_an_interior_corner_splits_into_the_two_arms ... ok
test split_polyline_at_point_cuts_the_segment_the_point_lies_on ... ok
test split_polyline_at_point_off_the_trace_is_none ... ok
test split_polyline_at_point_on_an_l_shape_keeps_the_remaining_corner ... ok
test tile_shape_count_is_line_count_minus_two_floored_at_zero ... ok
test trace_connection_shape_is_the_segments_one_dimensional_simplex ... ok
test trace_connection_shape_out_of_range_is_none ... ok
test trace_connection_shapes_of_the_bug_report_polyline_are_simplices ... ok
test trace_geometry_characterization ... ok
test translate_by_moves_the_polyline_and_clears_the_derived_data ... ok
test turn_90_degree_turns_the_polyline_and_clears_the_derived_data ... ok

test result: ok. 30 passed; 0 failed; 0 ignored; 0 measured; 0 filtered out; finished in 0.00s

     Running tests/search_tree.rs (/Users/em/Development/freerouting/copperroute-congestion-study/target/debug/deps/search_tree-2ee9b2b59cbcaa17)

running 36 tests
test a_zero_shape_insert_still_clears_the_entry_array ... ok
test a_maze_legal_gap_is_not_rejected_by_an_extra_insertion_margin ... ok
test a_compensated_tree_answers_the_plain_overlap_query ... ok
test a_small_probe_reaches_only_what_it_touches ... ok
test board_builder::the_fixture_matches_the_java_driver_board ... ok
test an_ignored_layer_makes_every_clearance_zero ... ok
test a_board_outline_contributes_line_bands_per_layer_and_keepout_pieces_when_asked ... ok
test a_45_degree_autoroute_tree_is_octagon_keyed_and_a_90_degree_one_is_box_keyed ... ok
test change_entries_rebuilds_only_the_middle_of_a_trace ... ok
test a_drill_layer_without_a_pad_falls_back_to_the_synthesised_hole_obstacle ... ok
test clearance_class_removed_refuses_to_drop_the_default_tree ... ok
test change_entries_skips_the_removal_loop_when_more_tail_is_kept_than_exists - should panic ... ok
test ignore_net_nos_drops_every_item_that_sits_on_one_of_them ... ok
test insert_and_remove_track_on_the_board_and_the_entry_arrays ... ok
test get_autoroute_tree_reuses_a_tree_with_the_same_compensated_class ... ok
test clearance_compensation_values_match_the_jvm ... ok
test merge_entries_at_end_appends_the_source_trace_behind_the_link_shapes ... ok
test change_item_shape_replaces_one_leaf_and_leaves_the_rest_alone ... ok
test merge_entries_at_end_reverses_the_source_trace_when_the_two_meet_tail_to_tail ... ok
test a_drill_layer_without_a_pad_has_no_leaf_when_hole_clearance_is_off ... ok
test merge_entries_in_front_reverses_the_source_trace_when_the_two_meet_head_to_head ... ok
test merge_entries_in_front_prepends_the_source_trace_before_the_link_shapes ... ok
test overlapping_objects_and_entries_come_back_in_java_order ... ok
test overlapping_tree_entries_with_clearance_reproduces_the_1_2x_walk ... ok
test reduce_trace_shape_at_tie_pin_cuts_the_pin_out_of_the_end_tile ... ok
test obstacle_and_conduction_areas_are_split_enlarged_and_regularised ... ok
test the_default_tree_is_the_base_class_whatever_the_board_angle_is ... ok
test the_default_tree_stores_what_the_jvm_stores ... ok
test set_clearance_compensation_used_rebuilds_the_default_tree_as_the_base_class ... ok
test the_45_degree_override_regularises_the_outline_line_bands_too ... ok
test tree_keys_reproduce_the_java_strings ... ok
test the_base_class_enlarges_where_the_45_degree_subclass_offsets ... ok
test reinsert_tree_shapes_recomputes_after_a_rule_change ... ok
test reuse_entries_after_cutout_hands_the_ends_over_and_holes_the_source_array ... ok
test the_entry_id_counter_only_ever_grows ... ok
test the_layer_filter_matches_java_including_the_ignored_layer ... ok

test result: ok. 36 passed; 0 failed; 0 ignored; 0 measured; 0 filtered out; finished in 0.00s

     Running tests/shape_trace_entries.rs (/Users/em/Development/freerouting/copperroute-congestion-study/target/debug/deps/shape_trace_entries-47f0a897b2b44bdf)

running 4 tests
test board_builder::the_fixture_matches_the_java_driver_board ... ok
test a_component_keepout_blocks_a_via ... ok
test a_via_keepout_still_blocks_only_during_a_pad_check ... ok
test a_contact_in_another_clearance_class_blocks_the_shove ... ok

test result: ok. 4 passed; 0 failed; 0 ignored; 0 measured; 0 filtered out; finished in 0.00s

     Running tests/snapshot.rs (/Users/em/Development/freerouting/copperroute-congestion-study/target/debug/deps/snapshot-a4c257af472cb1e5)

running 26 tests
test the_clearance_class_reaches_the_hash ... ok
test filling_the_pin_centre_cache_does_not_move_the_hash ... ok
test reordering_the_item_list_changes_the_hash ... ok
test the_component_id_reaches_the_hash ... ok
test diff_traces_is_the_symmetric_difference ... ok
test filling_the_via_layer_caches_does_not_move_the_hash ... ok
test the_conduction_area_flags_reach_the_hash ... ok
test the_board_outline_shapes_and_keepout_flag_reach_the_hash ... ok
test the_fixed_state_reaches_the_hash ... ok
test the_component_outline_fields_reach_the_hash ... ok
test the_item_id_reaches_the_hash ... ok
test the_line_identity_token_does_not_reach_the_hash ... ok
test the_net_numbers_reach_the_hash ... ok
test the_four_obstacle_area_kinds_are_distinguishable ... ok
test the_on_the_board_flag_reaches_the_hash ... ok
test the_obstacle_area_geometry_and_layer_reach_the_hash ... ok
test the_smallest_clearance_by_product_does_not_move_the_hash ... ok
test the_pin_index_reaches_the_hash ... ok
test the_trace_half_width_reaches_the_hash ... ok
test the_trace_layer_reaches_the_hash ... ok
test the_via_attach_allowed_flag_reaches_the_hash ... ok
test the_obstacle_area_placement_fields_reach_the_hash ... ok
test the_via_escape_flags_reach_the_hash ... ok
test the_via_centre_and_padstack_reach_the_hash ... ok
test two_polylines_with_equal_corners_but_different_lines_hash_differently ... ok
test trace_free_boards_with_different_items_no_longer_collide ... ok

test result: ok. 26 passed; 0 failed; 0 ignored; 0 measured; 0 filtered out; finished in 0.00s

     Running tests/trace_normalize.rs (/Users/em/Development/freerouting/copperroute-congestion-study/target/debug/deps/trace_normalize-4d4d6cc5e7c32b13)

running 48 tests
test a_trace_of_a_non_normal_net_is_never_split ... ok
test a_trace_is_not_cut_inside_a_pin_pad ... ok
test a_conduction_area_cycle_removes_the_trace_and_empties_the_result ... ok
test an_overlapping_trace_is_not_a_cycle ... ok
test a_user_fixed_trace_refuses_to_split_and_normalizes_to_false ... ok
test a_drill_item_splits_the_trace_but_not_the_returned_collection ... ok
test change_on_a_trace_that_is_off_the_board_only_swaps_the_polyline ... ok
test change_replaces_the_geometry_and_reuses_what_it_can ... ok
test combine_at_a_corner_keeps_the_join_line ... ok
test combine_absorbs_a_whole_chain_from_the_middle_without_recursing ... ok
test change_keeps_the_entries_whose_lines_are_the_same_objects ... ok
test combine_at_start_joins_two_collinear_segments ... ok
test combine_at_start_reverses_the_other_trace_when_it_starts_at_the_same_corner ... ok
test combine_at_end_joins_and_marks_the_changed_area ... ok
test combine_at_end_reverses_the_other_trace_when_it_ends_at_the_same_corner ... ok
test combine_falls_back_when_a_trace_has_no_default_tree_entries ... ok
test change_to_a_value_equal_but_freshly_built_polyline_still_normalizes ... ok
test combine_ignores_a_conduction_area_at_the_join ... ok
test combine_refuses_a_fork_a_wider_trace_a_fixed_trace_and_a_foreign_net ... ok
test combine_prepends_a_straight_trace_to_an_l_shaped_one ... ok
test combine_traces_walks_one_net_then_every_net ... ok
test connect_to_trace_inserts_a_stub_and_normalises ... ok
test a_two_rail_four_rung_ladder_normalizes_and_terminates ... ok
test insert_trace_normalizes_the_new_trace ... ok
test insert_via_splits_the_traces_under_it ... ok
test insert_trace_swallows_a_normalisation_failure_as_java_does ... ok
test moving_a_contacted_via_inserts_and_normalises_a_connecting_trace ... ok
test normalize_reports_false_when_nothing_overlaps ... ok
test normalize_depth_cap_returns_false_not_error ... ok
test normalize_all_traces_does_every_net_at_once ... ok
test normalize_reports_true_when_the_only_change_is_a_combine ... ok
test from_lines_err_propagates_as_board_error_normalization ... ok
test normalize_splits_then_recombines_into_one_trace ... ok
test normalize_traces_skips_a_suppressed_net ... ok
test a_four_rung_ladder_stops_when_the_stop_check_trips ... ok
test normalize_traces_converges_and_then_reports_false ... ok
test overlapping_tree_entries_returns_a_fresh_collection ... ok
test split_at_point_cuts_the_trace_in_two ... ok
test remove_trace_tails_combines_what_the_stub_leaves_behind ... ok
test split_preserves_non_overlapping_segments ... ok
test the_checked_and_unchecked_normalisation_entry_points_agree ... ok
test split_does_not_remove_valid_segments ... ok
test two_crossing_traces_are_both_split_at_the_crossing ... ok
test normalize_all_traces_checked_stops_on_the_ladder ... ok
test split_honours_the_clip_shape ... ok
test split_traces_cuts_at_a_location ... ok
test normalize_traces_terminates_within_2000 ... ok
test combine_stack_overflow_fixture ... ok

test result: ok. 48 passed; 0 failed; 0 ignored; 0 measured; 0 filtered out; finished in 0.70s

     Running unittests src/lib.rs (/Users/em/Development/freerouting/copperroute-congestion-study/target/debug/deps/copper_core-6ccf5c2e82973c0d)

running 17 tests
test cancel::tests::a_fresh_token_is_a_fresh_router_stop ... ok
test cancel::tests::timeout_preserves_fractional_seconds ... ok
test cancel::tests::search_poll_observes_new_cancellation ... ok
test manifest::tests::hex_is_lower_case_and_zero_padded ... ok
test manifest::instant_tests::the_rendering_is_the_jvms_instant_to_string ... ok
test manifest::instant_tests::the_calendar_is_proleptic_gregorian ... ok
test manifest::instant_tests::now_is_well_formed ... ok
test manifest::tests::sha256_pads_across_the_block_boundary ... ok
test progress::tests::a_noop_sink_drops_everything_without_locking ... ok
test progress::tests::clones_share_one_closure ... ok
test tests::the_server_version_is_the_crates_own ... ok
test timespan::tests::split_drops_the_trailing_empty_run ... ok
test stats_json::tests::the_value_form_loses_key_order_and_float_width ... ok
test timespan::tests::the_cap_is_applied_from_above_only ... ok
test timespan::tests::the_grammar_is_convert_from_timespan_to_duration_format ... ok
test timespan::tests::the_timeout_cap_is_one_day ... ok
test manifest::tests::sha256_matches_the_nist_vectors ... ok

test result: ok. 17 passed; 0 failed; 0 ignored; 0 measured; 0 filtered out; finished in 0.06s

     Running tests/cancel.rs (/Users/em/Development/freerouting/copperroute-congestion-study/target/debug/deps/cancel-ac214dc491cdcc21)

running 6 tests
test an_expired_deadline_reaches_the_router_stop ... ok
test an_uncancelled_token_is_a_no_op ... ok
test cancel_all_and_cancel_auto_router_are_distinct ... ok
test an_observed_job_deadline_is_the_routing_stop_reason ... ok
test a_sync_sink_sees_the_runs_events ... ok
test a_cancel_from_a_second_thread_stops_a_run ... ok

test result: ok. 6 passed; 0 failed; 0 ignored; 0 measured; 0 filtered out; finished in 1.86s

     Running tests/ctx.rs (/Users/em/Development/freerouting/copperroute-congestion-study/target/debug/deps/ctx-6f58a3f6b8fda6ab)

running 3 tests
test a_plain_context_carries_the_fixed_budget ... ok
test the_default_router_budget_disables_the_opt_changed_area_clock ... ok
test the_other_three_budget_fields_still_carry_javas_literals ... ok

test result: ok. 3 passed; 0 failed; 0 ignored; 0 measured; 0 filtered out; finished in 0.00s

     Running tests/job.rs (/Users/em/Development/freerouting/copperroute-congestion-study/target/debug/deps/job-c9f2244ead158ec0)

running 40 tests
test a_leading_space_or_tab_is_not_stripped_by_the_shift_loop ... ok
test a_leading_newline_run_floods_the_buffer_and_loses_the_content ... ok
test a_null_content_is_unknown_before_anything_else_runs ... ok
test a_dot_in_a_directory_takes_part_in_the_extension_switch ... ok
test a_defaulted_job_carries_javas_new_router_settings_not_an_empty_one ... ok
test a_utf8_bom_defeats_both_the_json_precheck_and_the_sniff ... ok
test a_missing_input_file_is_the_only_way_job_input_stays_none ... ok
test board_dot_is_unknown_but_board_ses_dot_is_ses ... ok
test change_file_extension_npes_on_a_bare_filename_and_the_port_answers_the_bare_name ... ok
test calculate_crc32_matches_the_standard_check_vector ... ok
test change_file_extension_cuts_the_original_extensions_length_and_never_folds_the_new_one ... ok
test change_file_extension_returns_its_relative_argument_when_the_extension_already_matches ... ok
test every_table_is_as_long_as_its_header_says ... ok
test five_bytes_are_never_enough_but_one_brace_is ... ok
test an_unrecognised_dsn_falls_back_to_its_extension_with_size_and_crc_still_zero ... ok
test a_ses_input_derives_no_output_but_still_names_the_job ... ok
test get_duration_is_none_before_the_job_starts ... ok
test get_filename_without_extension_cuts_at_the_last_dot ... ok
test is_cli_terminal_totalises_javas_invalid_omission ... ok
test set_data_keeps_the_format_it_was_given ... ok
test an_frb_or_kicad_input_derives_its_own_path_as_its_output ... ok
test set_filename_appends_the_default_extension_only_for_the_five_named_formats ... ok
test set_filename_at_the_root_loses_the_directory_entirely ... ok
test set_dummy_input_file_matches_a_bare_dsn_suffix_not_a_dot_dsn_one ... ok
test set_filename_drops_the_directory_of_a_name_without_a_separator ... ok
test set_filename_strips_a_backslash_and_whatever_follows_it ... ok
test a_missing_rules_file_is_silently_ignored ... ok
test six_leading_crlf_bytes_hang_java_and_the_port_bounds_the_loop ... ok
test the_committed_transcript_still_says_what_this_table_says ... ok
test the_current_pass_accessors_round_trip ... ok
test the_frb_magic_is_tested_before_the_shift_loop_and_before_the_brace ... ok
test the_job_constructors_build_the_java_names ... ok
test the_json_precheck_saves_six_newlines_followed_by_a_brace ... ok
test set_input_from_a_file_derives_the_output_name_from_the_content_not_the_extension ... ok
test the_rules_branch_is_case_folded_per_character_and_only_four_bytes_long ... ok
test the_session_host_check_normalises_null_and_blank_and_then_demands_two_parts ... ok
test try_to_set_input_leaves_a_non_null_but_empty_input_when_it_fails ... ok
test the_rules_and_eagle_script_files_are_derived_from_the_output_not_the_input ... ok
test try_to_set_output_file_rejects_rules_and_rewrites_kicad_design_json ... ok
test the_port_reproduces_every_transcript_row ... ok

test result: ok. 40 passed; 0 failed; 0 ignored; 0 measured; 0 filtered out; finished in 0.02s

     Running tests/load.rs (/Users/em/Development/freerouting/copperroute-congestion-study/target/debug/deps/load-910b4436c8b85b23)

running 5 tests
test a_kicad_json_input_loads_a_real_board ... ok
test the_loader_runs_read_then_the_settings_pass_then_the_post_load_pass ... ok
test the_settings_pass_is_the_same_two_steps_resolve_headless_runs ... ok
test only_dsn_and_json_are_accepted ... ok
test the_loaded_board_carries_its_coordinate_transform ... ok

test result: ok. 5 passed; 0 failed; 0 ignored; 0 measured; 0 filtered out; finished in 1.45s

     Running tests/manifest.rs (/Users/em/Development/freerouting/copperroute-congestion-study/target/debug/deps/manifest-afcba5164dd09cb9)

running 20 tests
test resolve_git_sha_child ... ok
test app_version_is_the_crate_version ... ok
test autorouter_duration_is_the_whole_job ... ok
test resource_usage_writes_all_five_fields_including_the_two_dead_ones ... ok
test an_unreadable_input_omits_the_sha256_key ... ok
test no_trailing_newline ... ok
test the_filesystem_root_as_an_input_is_totalized ... ok
test the_duration_narrowing_matches_the_transcript ... ok
test a_connectionless_board_scores_zero_not_nan ... ok
test the_normaliser_strips_exactly_the_five_irreproducible_things ... ok
test the_java_unit_tests_assertions_hold ... ok
test the_parent_directory_is_created ... ok
test the_two_stages_report_their_own_pass_counts ... ok
test resolve_git_sha_reads_the_env_var_then_unknown ... ok
test sha256_hex_matches_the_nist_vectors_and_the_corpus ... ok
test the_pipelines_cached_statistics_equal_a_fresh_recompute ... ok
test fanout_and_optimizer_phases_are_empty_objects ... ok
test the_manifest_transcript_replays_row_for_row ... ok
test nulls_are_omitted ... ok
test the_key_order_is_declaration_order ... ok

test result: ok. 20 passed; 0 failed; 0 ignored; 0 measured; 0 filtered out; finished in 5.52s

     Running tests/overrides.rs (/Users/em/Development/freerouting/copperroute-congestion-study/target/debug/deps/overrides-b1e30e73051a1be9)

running 4 tests
test the_second_hole_override_leaves_the_search_tree_alone ... ok
test the_override_runs_once_on_a_dsn_load ... ok
test a_defaulted_500_and_an_explicit_500_diverge ... ok
test the_p8t3_transcript_replays_cell_for_cell ... ok

test result: ok. 4 passed; 0 failed; 0 ignored; 0 measured; 0 filtered out; finished in 7.14s

     Running tests/pipeline.rs (/Users/em/Development/freerouting/copperroute-congestion-study/target/debug/deps/pipeline-2d59298924c7e774)

running 3 tests
test routing_result_carries_the_drc_violations_and_the_incompletes ... ok
test the_wrapper_is_transparent_to_the_ses_bytes ... ok
test a_recording_sink_changes_no_board_byte ... ok

test result: ok. 3 passed; 0 failed; 0 ignored; 0 measured; 0 filtered out; finished in 3.64s

     Running tests/register.rs (/Users/em/Development/freerouting/copperroute-congestion-study/target/debug/deps/register-8d27913b7ec9f1c1)

running 1 test
test no_provenance_markers_remain_in_crate_sources ... ok

test result: ok. 1 passed; 0 failed; 0 ignored; 0 measured; 0 filtered out; finished in 0.06s

     Running tests/stats.rs (/Users/em/Development/freerouting/copperroute-congestion-study/target/debug/deps/stats-e8d0b2eb9c4aaabf)

running 11 tests
test layer_rule_is_counted_as_a_layer ... ok
test bends_keys_start_with_digits ... ok
test component_outline_count_serialises_as_component_count ... ok
test design_name_is_read_from_the_raw_source_token ... ok
test the_fanout_and_clearance_violation_objects_serialise ... ok
test the_committed_transcript_still_says_what_this_table_says ... ok
test a_non_finite_float_is_refused_exactly_where_gson_throws - should panic ... ok
test the_three_totalised_answers_use_unicode_whitespace_trimming ... ok
test the_json_key_order_is_declaration_order_and_nulls_are_omitted ... ok
test the_dsn_host_scrape_finds_nothing_on_a_real_dsn ... ok
test the_port_reproduces_every_transcript_row ... ok

test result: ok. 11 passed; 0 failed; 0 ignored; 0 measured; 0 filtered out; finished in 0.03s

     Running tests/summary.rs (/Users/em/Development/freerouting/copperroute-congestion-study/target/debug/deps/summary-d0aeae4462ab4354)

running 4 tests
test the_summary_names_every_layer_net_and_component ... ok
test the_top_level_key_order_is_declaration_order ... ok
test the_summary_counts_agree_with_the_statistics ... ok
test the_metadata_comes_from_the_boards_own_communication ... ok

test result: ok. 4 passed; 0 failed; 0 ignored; 0 measured; 0 filtered out; finished in 1.09s

     Running tests/timespan.rs (/Users/em/Development/freerouting/copperroute-congestion-study/target/debug/deps/timespan-50505620b9028a22)

running 6 tests
test a_null_timeout_string_is_no_deadline ... ok
test the_timeout_cap_is_one_day ... ok
test the_duration_view_loses_exactly_the_negatives ... ok
test timeout_inputs_produce_the_expected_deadlines ... ok
test timespan_conversion_handles_the_input_table ... ok
test timespan_parser_handles_the_input_table ... ok

test result: ok. 6 passed; 0 failed; 0 ignored; 0 measured; 0 filtered out; finished in 0.00s

     Running unittests src/lib.rs (/Users/em/Development/freerouting/copperroute-congestion-study/target/debug/deps/copper_drc-4ce0fa9cffc126bd)

running 9 tests
test net_incompletes::tests::joining_two_sets_repoints_every_member_of_the_from_set ... ok
test net_incompletes::tests::edges_are_ordered_by_length_then_by_the_four_coordinates ... ok
test violation::tests::every_kind_round_trips_through_its_kicad_type_string ... ok
test net_incompletes::tests::edge_ordering_is_total_for_nan_coordinates ... ok
test net_incompletes::tests::edges_with_identical_geometry_keep_distinct_items ... ok
test net_incompletes::tests::a_nan_length_does_not_compare_equal ... ok
test violation::tests::the_shortfall_is_never_negative ... ok
test net_incompletes::tests::seeds_are_taken_in_ascending_id_order ... ok
test net_incompletes::tests::net_items_are_ordered_descending_within_a_component ... ok

test result: ok. 9 passed; 0 failed; 0 ignored; 0 measured; 0 filtered out; finished in 0.00s

     Running tests/checks.rs (/Users/em/Development/freerouting/copperroute-congestion-study/target/debug/deps/checks-e2bd7f456ca5a80c)

running 36 tests
test a_netclass_width_wider_than_the_board_minimum_is_not_enforced ... ok
test a_thin_trace_is_a_track_width_violation ... ok
test a_through_hole_pad_annular_violation_is_marked_estimated ... ok
test a_compliant_via_reports_nothing ... ok
test a_through_hole_pad_without_a_drill_still_has_an_estimated_hole ... ok
test a_bare_hole_near_the_board_edge_is_not_a_copper_edge_violation ... ok
test a_gap_within_the_epsilon_of_the_clearance_is_not_a_violation ... ok
test a_trace_crossing_a_conduction_area_on_another_net_reports_nothing ... ok
test a_multisegment_trace_reports_the_nearest_hole_gap_once_in_both_item_orders ... ok
test a_trace_near_the_board_edge_is_a_copper_edge_clearance_violation ... ok
test a_trace_near_a_via_hole_on_another_net_is_a_hole_clearance_violation ... ok
test crossing_traces_are_tracks_crossing_and_nothing_else ... ok
test an_ignored_severity_drops_the_kind ... ok
test different_net_pads_of_one_footprint_still_get_clearance_checked ... ok
test edge_clearance_is_silent_without_a_rule_or_away_from_the_edge ... ok
test gap_below_reports_the_actual_gap_only_when_it_is_under_the_clearance ... ok
test drc_uses_physical_pad_shapes_and_does_not_treat_bare_holes_as_copper ... ok
test exact_kicad_drills_remove_false_positives_but_still_detect_small_holes ... ok
test hole_to_hole_is_skipped_without_a_rule_and_for_far_holes ... ok
test item_shapes_lists_one_shape_per_layer_for_a_via_and_one_for_a_trace ... ok
test diagonal_hole_spacing_uses_circular_drills ... ok
test get_all_violations_runs_every_family_in_a_deterministic_order ... ok
test hole_clearance_keeps_its_camel_case_name_in_the_head_flavour_only ... ok
test overlapping_items_on_different_nets_are_shorting_items ... ok
test same_net_items_are_never_clearance_violations ... ok
test physical_hole_overlap_is_not_hidden_by_a_zero_clearance_setting ... ok
test statistics_sum_the_shortfall_in_micrometres ... ok
test stacked_same_net_sub_pads_report_nothing ... ok
test the_same_pair_is_reported_once ... ok
test two_traces_on_different_nets_closer_than_the_clearance_are_a_clearance_violation ... ok
test the_report_carries_kicad_types_and_severities ... ok
test two_via_holes_closer_than_the_minimum_are_hole_to_hole_regardless_of_net ... ok
test round_kicad_vias_do_not_have_square_corners_but_real_diagonal_gaps_fail ... ok
test via_diameter_annular_width_and_drill_are_checked_against_project_minimums ... ok
test via_holes_are_exact_and_pad_holes_are_estimated ... ok
test usb_hole_clearance_uses_physical_rectangles_and_rounded_corners_in_both_pair_orders ... ok

test result: ok. 36 passed; 0 failed; 0 ignored; 0 measured; 0 filtered out; finished in 0.02s

     Running tests/constraints.rs (/Users/em/Development/freerouting/copperroute-congestion-study/target/debug/deps/constraints-a67900fccfdad046)

running 10 tests
test the_default_class_has_two_names ... ok
test a_zero_hole_clearance_is_kept_and_other_zeros_are_dropped ... ok
test from_dsn_reads_the_kicad_default_class_clearance_and_width ... ok
test pair_clearance_is_the_larger_netclass_value_floored_by_the_board_minimum ... ok
test from_kicad_project_sets_the_kicad_drc_epsilon ... ok
test a_project_without_design_settings_is_an_error ... ok
test from_dsn_sets_the_kicad_drc_epsilon ... ok
test the_spike_project_rules_convert_to_board_units ... ok
test apply_stores_the_merged_constraints_on_the_board ... ok
test track_width_minimum_and_severity_default ... ok

test result: ok. 10 passed; 0 failed; 0 ignored; 0 measured; 0 filtered out; finished in 0.02s

     Running tests/corpus.rs (/Users/em/Development/freerouting/copperroute-congestion-study/target/debug/deps/corpus-89f8ab4e72ed3c50)

running 1 test
test every_fixture_reports_without_panicking_and_the_two_sources_add_up ... ignored

test result: ok. 0 passed; 0 failed; 1 ignored; 0 measured; 0 filtered out; finished in 0.00s

     Running tests/incompletes.rs (/Users/em/Development/freerouting/copperroute-congestion-study/target/debug/deps/incompletes-7f1889006f35d64c)

running 18 tests
test an_empty_violation_list_is_four_zeroes_not_four_nulls ... ok
test a_default_block_serialises_to_nothing ... ok
test a_negative_shortfall_is_clamped_but_still_averaged_over_every_violation ... ok
test empty_board_has_no_incompletes ... ok
test an_empty_net_contributes_nothing ... ok
test a_multi_net_item_lands_in_every_net_list ... ok
test max_connections_counts_only_pins_and_conduction_areas ... ok
test recalculate_net_incompletes_initialises_and_returns ... ok
test recalculating_one_net_replaces_only_that_net ... ok
test bbd_mars_64_counts ... ok
test the_serialised_keys_are_gsons ... ok
test statistics_block ... ok
test dev_board_counts ... ok
test out_of_range_net_numbers_answer_the_java_defaults ... ok
test read_only_airlines_match_the_checker ... ok
test a_net_subset_count_matches_the_full_pass ... ok
test natural_tone_preamp_counts ... ok
test lazy_initialisation_matches_java ... ok

test result: ok. 18 passed; 0 failed; 0 ignored; 0 measured; 0 filtered out; finished in 0.70s

     Running tests/kicad_oracle.rs (/Users/em/Development/freerouting/copperroute-congestion-study/target/debug/deps/kicad_oracle-6325043c7eb20f98)

running 1 test
test the_port_matches_kicad_cli_per_violation_type ... ok

test result: ok. 1 passed; 0 failed; 0 ignored; 0 measured; 0 filtered out; finished in 13.58s

     Running tests/net_incompletes.rs (/Users/em/Development/freerouting/copperroute-congestion-study/target/debug/deps/net_incompletes-c37fbfb21f73ed85)

running 10 tests
test length_violation_change_threshold_is_one_tenth ... ok
test an_isolated_pin_still_reaches_the_ratsnest ... ok
test a_net_number_with_no_net_has_no_length_restriction ... ok
test length_violation_is_positive_when_too_long ... ok
test the_marker_radius_is_twice_the_minimum_trace_half_width ... ok
test length_violation_is_zero_without_a_net_class_restriction ... ok
test length_violation_is_negative_only_when_the_net_is_complete ... ok
test dangling_items_are_filtered_before_triangulation ... ok
test every_port_airline_is_one_some_jvm_run_picks ... ok
test the_airline_endpoints_are_a_hash_dependent_choice ... ok

test result: ok. 10 passed; 0 failed; 0 ignored; 0 measured; 0 filtered out; finished in 0.69s

     Running tests/plane_connectivity.rs (/Users/em/Development/freerouting/copperroute-congestion-study/target/debug/deps/plane_connectivity-ebf83baf80624a49)

running 10 tests
test boards_without_planes_have_nothing_to_check ... ok
test a_smaller_pour_nested_in_another_net_pour_keeps_its_own_copper ... ok
test a_gap_narrower_than_clearance_plus_pour_width_splits_the_pour ... ok
test a_signal_trace_crossing_the_whole_pour_splits_it ... ok
test a_same_net_trace_on_the_other_layer_bridges_a_split ... ok
test a_gap_wide_enough_for_the_minimum_pour_width_keeps_the_pour_connected ... ok
test a_top_only_pad_is_isolated_when_the_pour_is_cut_in_front_of_it ... ok
test a_pour_on_the_other_layer_bridges_a_split ... ok
test two_pads_inside_one_pour_form_one_cluster ... ok
test splitting_a_pour_further_counts_as_worse ... ok

test result: ok. 10 passed; 0 failed; 0 ignored; 0 measured; 0 filtered out; finished in 0.03s

     Running tests/report.rs (/Users/em/Development/freerouting/copperroute-congestion-study/target/debug/deps/report-f4c71e4c502f25a1)

running 8 tests
test item_description_maps_every_item_variant ... ok
test unknown_coordinate_unit_falls_back_to_the_board_unit ... ok
test y_is_negative_on_a_kicad_sourced_board ... ok
test the_unconnected_entry_description_and_severity ... ok
test a_dangling_track_carries_the_detailed_description ... ok
test coordinates_are_in_a_plausible_mm_range ... ok
test mil_and_inch_scale ... ok
test percent_four_f_uses_a_dot ... ok

test result: ok. 8 passed; 0 failed; 0 ignored; 0 measured; 0 filtered out; finished in 0.74s

     Running tests/report_json.rs (/Users/em/Development/freerouting/copperroute-congestion-study/target/debug/deps/report_json-c576f1aac1b8d03b)

running 8 tests
test a_non_finite_coordinate_is_refused ... ok
test schema_is_verbatim_and_schematic_parity_is_empty ... ok
test dates_are_written_verbatim ... ok
test a_hand_built_position_renders_through_the_formatter ... ok
test quality_score_is_plain_decimal_text ... ok
test strings_are_written_without_html_or_separator_escapes ... ok
test report_to_json_is_generate_report_then_to_json ... ok
test key_order_is_kicads ... ok

test result: ok. 8 passed; 0 failed; 0 ignored; 0 measured; 0 filtered out; finished in 0.27s

     Running tests/solder_mask.rs (/Users/em/Development/freerouting/copperroute-congestion-study/target/debug/deps/solder_mask-55a3c0dae9d07006)

running 4 tests
test mask_to_copper_rule_finds_tracks_outside_the_aperture ... ok
test a_track_outside_the_rounded_mask_corner_is_not_a_bridge ... ok
test exposed_pad_detects_foreign_track_with_legal_copper_clearance ... ok
test explicit_footprint_permission_suppresses_only_mask_reports ... ok

test result: ok. 4 passed; 0 failed; 0 ignored; 0 measured; 0 filtered out; finished in 0.00s

     Running tests/unconnected.rs (/Users/em/Development/freerouting/copperroute-congestion-study/target/debug/deps/unconnected-6f62f2f3e8c9034c)

running 16 tests
test a_net_with_one_item_is_never_unconnected ... ok
test a_via_that_represents_its_net_is_still_reported_dangling ... ok
test empty_board_has_nothing_unconnected ... ok
test a_first_item_trace_is_the_one_case_the_dedup_catches ... ok
test items_within_an_entry_are_ascending_by_id ... ok
test the_dangling_dedup_only_checks_first_item ... ok
test the_representative_is_the_lowest_id_pin_then_trace_then_item ... ok
test entries_are_ordered_by_ascending_net_number ... ok
test dev_board_phase_counts ... ok
test bbd_mars_64_phase_counts ... ok
test every_dangling_trace_precedes_every_dangling_via ... ok
test the_via_phase_has_no_dedup_at_all ... ok
test natural_tone_preamp_phase_counts ... ok
test spot_checked_dangling_track_ids ... ok
test natural_tone_preamp_matches_the_java_test_lower_bounds ... ok
test the_three_fixtures_match_the_jvm ... ok

test result: ok. 16 passed; 0 failed; 0 ignored; 0 measured; 0 filtered out; finished in 0.59s

     Running unittests src/lib.rs (/Users/em/Development/freerouting/copperroute-congestion-study/target/debug/deps/copper_dsn-1487ff971b7027fa)

running 65 tests
test format::indent_writer::tests::start_scope_false_write_end_scope ... ok
test format::indent_writer::tests::negative_indent_level_does_not_panic ... ok
test coordinate_transform::tests::board_to_dsn_vector_ignores_the_base_offsets ... ok
test coordinate_transform::tests::board_to_dsn_lines_writes_four_numbers_per_line ... ok
test format::indent_writer::tests::new_line_at_level_three ... ok
test coordinate_transform::tests::board_to_dsn_shape_of_a_circle_doubles_the_radius_into_a_diameter ... ok
test format::indent_writer::tests::flush_surfaces_first_recorded_write_error ... ok
test format::identifier::tests::is_legal_rejects_reserved_characters ... ok
test format::indent_writer::tests::two_nested_start_scope_nl ... ok
test kicad::reader::tests::via_copper_is_a_centered_circle_with_a_rounded_radius ... ok
test kicad::dto::tests::an_unknown_key_is_ignored_the_way_gson_ignores_it ... ok
test kicad::reader::tests::the_referenced_net_set_dedups_on_exact_equality_and_keeps_insertion_order ... ok
test kicad::dto::tests::an_explicit_null_clears_a_reference_and_spares_a_primitive ... ok
test kicad::dto::tests::the_unit_enum_is_case_sensitive_and_null_for_anything_else ... ok
test kicad::dto::tests::an_absent_key_takes_the_java_field_initializer ... ok
test parser::autoroute_settings::tests::defaults_match_router_settings_null_coalescing ... ok
test lexer::tests::a_token_running_to_the_end_of_the_input_stops_there ... ok
test lexer::tests::non_ascii_unicode_digits_are_not_parsed ... ok
test parser::autoroute_settings::tests::an_out_of_range_layer_is_a_no_op_or_false ... ok
test parser::autoroute_settings::tests::set_layer_count_seeds_javas_alternating_preferred_direction ... ok
test parser::autoroute_settings::tests::the_cost_setters_clamp_the_way_java_does ... ok
test parser::dsn_file::tests::class_clearance_separator_is_a_hyphen ... ok
test parser::dsn_file::tests::read_float_scope_reads_a_float ... ok
test parser::dsn_file::tests::read_float_scope_reports_no_value_for_a_non_numeric_token ... ok
test parser::dsn_file::tests::a_malformed_scalar_scope_is_resynchronised_whatever_the_offending_token ... ok
test parser::dsn_file::tests::read_float_scope_widens_an_integer ... ok
test parser::dsn_file::tests::read_integer_scope_consumes_a_nested_scope_in_a_malformed_body ... ok
test parser::dsn_file::tests::read_integer_scope_consumes_the_closing_bracket_after_a_bad_first_token ... ok
test parser::dsn_file::tests::read_integer_scope_reads_an_integer ... ok
test parser::dsn_file::tests::read_integer_scope_reports_no_value_for_a_float ... ok
test parser::dsn_file::tests::read_on_off_scope_reads_off ... ok
test parser::dsn_file::tests::read_on_off_scope_reads_on ... ok
test parser::geometry::tests::get_no_prefers_an_exact_name_over_the_electra_fallback ... ok
test parser::geometry::tests::polygon_bounding_box_of_an_empty_coordinate_array_is_javas_inverted_seed ... ok
test parser::geometry::tests::polyline_path_transforms_are_javas_unimplemented_nulls ... ok
test parser::geometry::tests::rectangle_union_takes_the_layer_of_the_receiver ... ok
test parser::library::tests::generate_missing_keepout_names_renames_all_or_none ... ok
test parser::library::tests::strip_dot_digits_removes_every_dotted_number ... ok
test parser::network::tests::a_circuit_scope_skips_what_java_skips ... ok
test parser::network::tests::create_ordered_subnets_pairs_consecutive_pins ... ok
test parser::network::tests::net_id_and_pin_ref_order_by_utf16_code_units_like_string_compare_to ... ok
test parser::network::tests::a_net_class_with_no_nets_gets_javas_defaults ... ok
test parser::network::tests::a_layer_rule_with_two_rule_scopes_is_rejected_the_way_java_rejects_it ... ok
test parser::network::tests::net_id_orders_by_name_then_subnet ... ok
test parser::network::tests::kicad_default_net_class_names_are_matched_case_insensitively ... ok
test parser::network::tests::read_circuit_scope_keeps_the_length_rule_and_the_use_lists ... ok
test parser::network::tests::net_list_iterates_in_net_id_order_not_insertion_order ... ok
test parser::network::tests::read_class_class_scope_reads_classes_rules_and_layer_rules ... ok
test parser::network::tests::read_rule_scope_reads_width_and_clearance ... ok
test parser::network::tests::separator_str_matches_char ... ok
test parser::network::tests::read_net_class_scope_reads_every_field_java_keeps ... ok
test parser::network::tests::set_pins_sorts_and_deduplicates_and_get_nets_searches_every_net ... ok
test parser::network::tests::split_underscore_dropping_trailing_empty_drops_trailing_empties_the_way_javas_split_does ... ok
test parser::part_library::tests::sorted_set_add_sorts_and_deduplicates_like_a_treeset ... ok
test parser::part_library::tests::utf16_cmp_orders_by_code_units ... ok
test parser::scope_parameter::tests::read_scope_parameter_defaults_match_java ... ok
test parser::structure::tests::contains_wire_clearance_pair_matches_either_end ... ok
test parser::structure::tests::read_snap_angle_reads_the_three_keywords ... ok
test parser::structure::tests::read_via_padstacks_appends_the_spare_vias_last ... ok
test ses_reader::tests::an_already_quoted_brace_identifier_is_left_alone ... ok
test ses_reader::tests::an_unquoted_brace_identifier_is_quoted ... ok
test ses_reader::tests::text_without_braces_is_unchanged ... ok
test ses_writer::tests::fixed_state_is_written_only_above_shove_fixed ... ok
test ses_writer::tests::session_name_replaces_every_dsn_occurrence ... ok
test parser::network::component_rejection_tests::a_component_with_an_absent_padstack_is_rejected_whole ... ok

test result: ok. 65 passed; 0 failed; 0 ignored; 0 measured; 0 filtered out; finished in 0.00s

     Running tests/dsn_reader.rs (/Users/em/Development/freerouting/copperroute-congestion-study/target/debug/deps/dsn_reader-90e26fb184e7bca9)

running 30 tests
test every_fixture_in_the_corpus_matches_javas_result_and_warnings ... ignored, ~90 s in debug; run with --release or --ignored
test parse_error_and_io_error_carry_their_payloads ... ok
test read_board_io_error_for_an_unreadable_stream ... ok
test a_missing_via_padstack_fails_the_read_and_loses_its_warning ... ok
test a_supplied_id_generator_reaches_the_boards_communication ... ok
test issue026_still_matches_through_the_real_reader ... ok
test read_board_outline_missing_for_a_zero_extent_boundary ... ok
test read_board_outline_missing_when_boundary_absent ... ok
test read_board_parse_error_for_empty_input ... ok
test read_board_parse_error_for_garbage ... ok
test issue413_wiring_matches_javas_traces_and_vias ... ok
test read_board_merges_kicad_default_into_router_default ... ok
test read_metadata_completes_within_reasonable_time_on_large_dsn ... ignored, timing assertion is release-only
test read_board_succeeds_for_empty_board ... ok
test read_board_sets_host_cad ... ok
test read_metadata_extracts_host_cad_and_unit ... ok
test read_metadata_extracts_layer_count ... ok
test read_board_returns_success ... ok
test read_metadata_parse_error_for_empty_input ... ok
test success_and_outline_missing_hold_a_null_board ... ok
test the_five_variant_match_is_exhaustive ... ok
test warnings_are_exposed ... ok
test try_correct_net_takes_the_highest_id_contact ... ok
test warnings_for_every_reachable_wiring_site ... ok
test read_metadata_never_reads_the_heavy_scopes ... ok
test read_board_loads_issue034_with_multiple_boundary_paths ... ok
test the_corpus_golden_parses_and_the_named_fixtures_read_to_its_variant ... ok
test issue110_relay_module_wiring_matches_javas_vias ... ok
test a_normalisation_time_limit_trip_produces_javas_own_warning ... ok
test loading_produces_warnings_for_degenerate_wires ... ok

test result: ok. 28 passed; 0 failed; 2 ignored; 0 measured; 0 filtered out; finished in 0.42s

     Running tests/geometry_scopes.rs (/Users/em/Development/freerouting/copperroute-congestion-study/target/debug/deps/geometry_scopes-e1e5d2d79a8deca9)

running 35 tests
test a_zero_scale_is_refused_loudly ... ok
test coordinate_transform_scales_both_ways ... ok
test coordinate_transform_offsets_points_by_the_base_but_not_relative_points ... ok
test bounding_box_is_square_for_a_square_path ... ok
test board_to_dsn_shape_maps_a_box_to_a_rectangle ... ok
test a_circle_bounding_box_is_not_twice_too_wide ... ok
test coordinate_transform_box_and_points ... ok
test layer_structure_contains_plane_only_looks_at_power_layers ... ok
test circle_write_scope_and_write_scope_int ... ok
test layer_structure_from_a_board_layer_structure_numbers_layers_in_order ... ok
test layer_structure_get_no_finds_a_named_layer ... ok
test layer_structure_get_no_has_the_electra_top_bottom_fallbacks ... ok
test polygon_path_write_scope_writes_the_width_then_the_corners ... ok
test polygon_write_scope_indents_one_corner_pair_per_line ... ok
test polyline_path_write_scope_writes_four_numbers_per_line_each_followed_by_a_space ... ok
test read_area_scope_skips_window_scopes_when_asked ... ok
test read_area_scope_collects_the_border_the_window_and_the_clearance_class ... ok
test read_parser_scope_reads_the_quote_char_host_and_router_marker ... ok
test read_parser_scope_skips_unknown_sub_scopes ... ok
test read_resolution_scope_rejects_an_unknown_unit ... ok
test read_resolution_scope_sets_the_unit_and_the_resolution ... ok
test read_shape_scope_reads_a_path_and_its_width ... ok
test read_shape_scope_reads_a_polygon_on_the_pcb_layer ... ok
test read_shape_scope_reads_a_polyline_path ... ok
test read_shape_scope_reads_a_rectangle ... ok
test read_shape_scope_returns_none_for_an_unknown_shape_keyword ... ok
test read_shape_scope_skips_a_path_with_too_few_coordinates ... ok
test read_unit_scope_is_javas_dead_always_false_override ... ok
test rectangle_write_scope_int_rounds_every_coordinate ... ok
test rectangle_write_scope_matches_the_reference_fixture_line ... ok
test the_two_shared_layer_constants_have_the_java_names_and_numbers ... ok
test write_hole_scope_wraps_the_shape_in_a_window_scope ... ok
test write_parser_scope_reduced_drops_the_quote_and_the_router_marker ... ok
test write_parser_scope_uses_the_2_3_0_snake_case_literals ... ok
test write_resolution_and_unit_scopes_match_the_reference_fixture ... ok

test result: ok. 35 passed; 0 failed; 0 ignored; 0 measured; 0 filtered out; finished in 0.00s

     Running tests/gson_format.rs (/Users/em/Development/freerouting/copperroute-congestion-study/target/debug/deps/gson_format-c1e4d3209f55e5af)

running 5 tests
test f32_field_uses_format_float ... ok
test line_separators_are_escaped_and_the_html_set_is_not ... ok
test f64_fields_use_format_double ... ok
test non_finite_f64_is_refused ... ok
test pretty_printing_matches_gsons_json_writer ... ok

test result: ok. 5 passed; 0 failed; 0 ignored; 0 measured; 0 filtered out; finished in 0.00s

     Running tests/identifier_type.rs (/Users/em/Development/freerouting/copperroute-congestion-study/target/debug/deps/identifier_type-f88b93f5b2dd46d7)

running 2 tests
test dsn_reserved_set_matches_jvm ... ok
test ses_reserved_set_matches_jvm ... ok

test result: ok. 2 passed; 0 failed; 0 ignored; 0 measured; 0 filtered out; finished in 0.00s

     Running tests/kicad_browser_geometry.rs (/Users/em/Development/freerouting/copperroute-congestion-study/target/debug/deps/kicad_browser_geometry-46edc0c3a32337f2)

running 4 tests
test ordered_concave_outlines_keep_their_boundary_edges ... ok
test an_offset_nonplated_pad_can_have_copper_outside_its_hole ... ok
test offset_copper_rotates_without_moving_the_hole_anchor ... ok
test a_custom_polygon_keeps_its_clipped_corner ... ok

test result: ok. 4 passed; 0 failed; 0 ignored; 0 measured; 0 filtered out; finished in 0.00s

     Running tests/kicad_dto.rs (/Users/em/Development/freerouting/copperroute-congestion-study/target/debug/deps/kicad_dto-c18fb5c162cf5665)

running 8 tests
test a_null_pad_name_is_rejected_with_the_section_named ... ok
test a_null_layer_name_is_rejected_with_the_section_named ... ok
test a_null_array_element_is_rejected_with_the_section_named ... ok
test a_null_net_name_is_rejected_with_the_section_named ... ok
test a_null_list_still_takes_the_unguarded_dereference ... ok
test a_null_component_reference_is_rejected_with_the_section_named ... ok
test a_null_net_class_name_is_rejected_with_the_section_named ... ok
test a_nullable_field_that_means_absent_still_loads ... ok

test result: ok. 8 passed; 0 failed; 0 ignored; 0 measured; 0 filtered out; finished in 0.00s

     Running tests/kicad_nets.rs (/Users/em/Development/freerouting/copperroute-congestion-study/target/debug/deps/kicad_nets-ab011fc1a3cb349f)

running 5 tests
test an_exact_net_class_name_beats_the_case_insensitive_fallback ... ok
test a_net_class_named_only_by_case_takes_the_first_declared ... ok
test a_declared_net_keeps_its_position_and_the_rest_follow ... ok
test an_auto_registered_net_takes_the_next_number_at_first_reference ... ok
test net_numbers_follow_declaration_order ... ok

test result: ok. 5 passed; 0 failed; 0 ignored; 0 measured; 0 filtered out; finished in 0.00s

     Running tests/kicad_packages.rs (/Users/em/Development/freerouting/copperroute-congestion-study/target/debug/deps/kicad_packages-1e29cae2e36eda86)

running 2 tests
test three_components_with_unnamed_pads_yield_one_package ... ok
test three_components_with_different_pins_still_yield_three_packages ... ok

test result: ok. 2 passed; 0 failed; 0 ignored; 0 measured; 0 filtered out; finished in 0.00s

     Running tests/kicad_pad_clearance.rs (/Users/em/Development/freerouting/copperroute-congestion-study/target/debug/deps/kicad_pad_clearance-e385b5d652944424)

running 3 tests
test excessive_local_copper_clearance_is_rejected ... ok
test copper_clearance_is_not_capped_to_an_existing_pad_gap ... ok
test copper_floor_rounds_up_and_preserves_larger_rules ... ok

test result: ok. 3 passed; 0 failed; 0 ignored; 0 measured; 0 filtered out; finished in 0.00s

     Running tests/kicad_padstacks.rs (/Users/em/Development/freerouting/copperroute-congestion-study/target/debug/deps/kicad_padstacks-0feec101e6d01a24)

running 15 tests
test a_via_with_an_empty_layer_span_is_refused_naming_the_via ... ok
test an_all_null_shape_array_is_refused_naming_the_pad ... ok
test a_via_drill_the_net_class_does_not_declare_is_flagged_estimated ... ok
test a_round_pad_name_carries_size_y ... ok
test a_through_hole_pad_without_a_drill_keeps_no_exact_drill ... ok
test equal_copper_with_different_drills_keeps_distinct_exact_padstacks ... ok
test a_drilled_and_an_undrilled_pad_do_not_share_attach_allowed ... ok
test mask_expansion_stays_per_pad_and_uses_absolute_outer_layers ... ok
test only_non_plated_holes_without_a_copper_ring_are_hole_only ... ok
test rounded_pads_without_radius_metadata_keep_the_legacy_rectangle ... ok
test two_pads_of_the_same_shapes_and_drill_share_one_padstack ... ok
test two_pads_of_the_same_name_and_different_layers_get_different_padstacks ... ok
test rounded_pad_radii_are_validated_and_part_of_padstack_identity ... ok
test vias_whose_drills_differ_below_the_name_rounding_get_one_distinct_padstack_each ... ok
test via_class_templates_and_existing_vias_preserve_drills_on_export ... ok

test result: ok. 15 passed; 0 failed; 0 ignored; 0 measured; 0 filtered out; finished in 0.00s

     Running tests/kicad_reader.rs (/Users/em/Development/freerouting/copperroute-congestion-study/target/debug/deps/kicad_reader-4702a273adb618b6)

running 21 tests
test emit_the_port_transcripts ... ignored, a generator, not a check — see PORT_TRANSCRIPT for the command
test an_empty_or_null_payload_is_a_json_root_parse_error ... ok
test a_null_layer_or_net_name_is_refused_at_the_boundary_not_in_section_9 ... ok
test the_clearance_matrix_stays_asymmetric ... ok
test a_package_dedup_failure_is_refused_rather_than_falling_back ... ok
test a_missing_outline_generates_a_padded_box_and_one_warning ... ok
test the_default_via_rule_owns_the_registered_via_info ... ok
test every_null_list_is_a_parse_error_somewhere_in_read_board ... ok
test identical_packages_are_reused ... ok
test the_net_class_index_is_deliberately_off_by_one ... ok
test an_unknown_unit_falls_through_to_the_documented_arm ... ok
test the_auto_registered_nets_take_first_reference_order_not_java_hash_set_order ... ok
test a_malformed_document_answers_parse_error ... ok
test the_padstack_identity_is_the_layer_span_and_the_drill_not_the_name ... ok
test the_host_fallbacks_are_kicad_and_v10 ... ok
test the_two_reserved_clearance_rows_are_null_and_default ... ok
test y_is_negated_and_rounded_away_from_zero ... ok
test the_reader_builds_its_own_coordinate_transform ... ok
test the_generated_padstack_names_carry_both_dimensions ... ok
test the_whole_section_1_to_8_surface_matches_the_port_golden ... ok
test the_whole_section_9_to_11_item_graph_matches_the_port_golden ... ok

test result: ok. 20 passed; 0 failed; 1 ignored; 0 measured; 0 filtered out; finished in 0.14s

     Running tests/kicad_round_trip.rs (/Users/em/Development/freerouting/copperroute-congestion-study/target/debug/deps/kicad_round_trip-0a4f21ba1fd3474d)

running 5 tests
test an_outline_clearance_matching_no_class_keeps_the_default ... ok
test an_absent_outline_clearance_keeps_the_default ... ok
test an_outline_clearance_that_matches_the_default_takes_the_default ... ok
test the_other_three_dto_fields_still_round_trip ... ok
test the_outline_clearance_round_trips ... ok

test result: ok. 5 passed; 0 failed; 0 ignored; 0 measured; 0 filtered out; finished in 0.00s

     Running tests/kicad_via_permissions.rs (/Users/em/Development/freerouting/copperroute-congestion-study/target/debug/deps/kicad_via_permissions-44e6345bda5947f6)

running 3 tests
test class_permissions_override_the_global_and_survive_mixed_round_trips ... ok
test dsn_structure_permission_gates_the_exported_class_rules ... ok
test global_permission_defaults_off_and_survives_typed_round_trip ... ok

test result: ok. 3 passed; 0 failed; 0 ignored; 0 measured; 0 filtered out; finished in 0.00s

     Running tests/kicad_writer.rs (/Users/em/Development/freerouting/copperroute-congestion-study/target/debug/deps/kicad_writer-225385fd6af934a2)

running 8 tests
test emit_the_port_writer_transcript ... ignored, a generator, not a check — see PORT_TRANSCRIPT for the command
test a_non_ascii_component_name_survives_utf8 ... ok
test the_three_lists_are_guarded_here_and_not_in_read_board ... ok
test import_session_inserts_the_wires_and_vias ... ok
test import_session_reuses_a_padstack_that_lacks_drill_metadata ... ok
test an_absent_resolution_in_mm_means_ten_thousand ... ok
test write_then_read_is_a_fixed_point ... ok
test the_writer_output_matches_the_port_golden_byte_for_byte ... ok

test result: ok. 7 passed; 0 failed; 1 ignored; 0 measured; 0 filtered out; finished in 0.05s

     Running tests/lexer.rs (/Users/em/Development/freerouting/copperroute-congestion-study/target/debug/deps/lexer-057317efff69eb38)

running 17 tests
test a_twenty_mebibyte_input_lexes_like_a_fifteen_mebibyte_one ... ignored
test exponent_float_through_the_dfa ... ok
test backslash_in_a_quoted_string_is_literal ... ok
test layer_name_state_also_stringifies_numbers ... ok
test block_comment_is_skipped ... ok
test leading_zero_is_a_float_not_an_integer ... ok
test line_comment_is_skipped ... ok
test net_scope_tokens ... ok
test net_switches_to_name_state_where_digits_lex_as_a_string ... ok
test next_double_has_no_exponents ... ok
test next_double_is_javas_lenient_number_format ... ok
test next_string_list_drops_a_leading_empty_string ... ok
test next_string_reads_a_quoted_string ... ok
test next_string_skips_backspace_but_not_tab ... ok
test next_string_stops_at_a_bracket_and_leaves_it ... ok
test plus_sign_integer_is_an_integer ... ok
test single_quoted_string ... ok

test result: ok. 16 passed; 0 failed; 1 ignored; 0 measured; 0 filtered out; finished in 0.00s

     Running tests/library_scope.rs (/Users/em/Development/freerouting/copperroute-congestion-study/target/debug/deps/library_scope-c989fe4853b5c356)

running 14 tests
test an_empty_part_library_writes_nothing ... ok
test an_open_path_outline_is_not_closed ... ok
test a_repeated_padstack_name_keeps_the_first_definition ... ok
test a_second_image_with_the_same_name_and_the_same_pins_is_deduplicated ... ok
test a_padstack_with_no_shape_on_the_top_layer_starts_at_layer_one ... ok
test numbered_images_keep_their_names_and_pin_geometry ... ok
test package_outlines_keepouts_and_side_match_java ... ok
test part_library_scope_reads_logical_parts_and_mappings ... ok
test pin_coordinates_are_rounded_away_from_zero ... ok
test write_part_library_scope_emits_the_2_3_0_logical_part_literal ... ok
test write_padstack_scope_emits_the_2_3_0_bytes_for_a_round_via_pad ... ok
test issue026_library_scope_reads_five_padstacks_and_two_packages ... ok
test issue026_pin_padstacks_and_relative_locations_match_java ... ok
test issue026_keepout_names_are_generated_when_the_dsn_leaves_them_empty ... ok

test result: ok. 14 passed; 0 failed; 0 ignored; 0 measured; 0 filtered out; finished in 0.01s

     Running tests/network.rs (/Users/em/Development/freerouting/copperroute-congestion-study/target/debug/deps/network-7cbe6e8dec62cfb6)

running 2 tests
test via_at_smd_reaches_the_net_class_use_via_rule ... ok
test fractional_via_names_resolve_in_net_class_rules ... ok

test result: ok. 2 passed; 0 failed; 0 ignored; 0 measured; 0 filtered out; finished in 0.00s

     Running tests/network_scope.rs (/Users/em/Development/freerouting/copperroute-congestion-study/target/debug/deps/network_scope-374612e376d13981)

running 7 tests
test empty_board_has_no_network_scope_and_no_via_rule ... ok
test via_padstack_names_are_merged_normalised_and_compacted ... ok
test a_network_only_via_padstack_list_survives_because_set_via_padstacks_is_skipped ... ok
test class_pairs_write_both_halves_of_the_clearance_matrix ... ok
test a_net_classs_use_via_list_is_aliased_into_the_merged_via_padstack_names ... ok
test issue026_matches_javas_item_ids_nets_and_rules ... ok
test issue034_matches_javas_item_ids_nets_and_rules ... ok

test result: ok. 7 passed; 0 failed; 0 ignored; 0 measured; 0 filtered out; finished in 0.03s

     Running tests/number_format.rs (/Users/em/Development/freerouting/copperroute-congestion-study/target/debug/deps/number_format-f9107b1126cca6fe)

running 9 tests
test double_to_string_special_values ... ok
test double_to_string_plain_decimal_range ... ok
test placement_rotation_matches_ses_writer ... ok
test double_to_string_never_uses_scientific_notation ... ok
test float_to_string_is_not_the_widened_double ... ok
test fixed_format_matches_std_precision_rounding ... ok
test double_to_string_subnormals_print_as_plain_decimals ... ok
test large_whole_double_roundtrips_through_dsn_scanner ... ok
test to_string_breaks_exact_ties_to_an_even_last_digit ... ok

test result: ok. 9 passed; 0 failed; 0 ignored; 0 measured; 0 filtered out; finished in 0.00s

     Running tests/parity_dsn.rs (/Users/em/Development/freerouting/copperroute-congestion-study/target/debug/deps/parity_dsn-e43af155b8f54ac7)

running 5 tests
test valid_header ... ok
test compat_mode_produces_output ... ok
test output_is_non_empty ... ok
test compat_mode_writes_paths_where_the_default_writes_polyline_paths ... ok
test roundtrip_preserves_layer_count ... ok

test result: ok. 5 passed; 0 failed; 0 ignored; 0 measured; 0 filtered out; finished in 0.01s

     Running tests/parity_ses.rs (/Users/em/Development/freerouting/copperroute-congestion-study/target/debug/deps/parity_ses-545fa856122f0753)

running 14 tests
test placement_rotation_formatting_matches_kicad_style ... ok
test no_reference_contains_a_wire ... ok
test ruling_g_references_do_carry_wires ... ok
test issue026_j2_reference_ses_matches_the_reference ... ok
test output_is_non_empty ... ok
test issue143_rpi_splitter_ses_matches_the_reference ... ok
test ses_writer_writes_a_pins_line_for_every_swapped_pin ... ok
test valid_header ... ok
test ses_writer_mixes_integer_boundary_and_double_hole_coordinates ... ok
test issue742_placement_and_library_out_are_well_formed ... ok
test issue103_board_unrouted_ses_matches_the_reference ... ok
test tutorial_board_ses_matches_the_reference ... ok
test every_fixture_is_balanced_with_unique_library_padstacks ... ok
test reference_sessions_preserve_wiring_and_exact_image_placement ... ok

test result: ok. 14 passed; 0 failed; 0 ignored; 0 measured; 0 filtered out; finished in 1.31s

     Running tests/placement_scope.rs (/Users/em/Development/freerouting/copperroute-congestion-study/target/debug/deps/placement_scope-0e8ace0d0c6ad92e)

running 11 tests
test an_unreadable_item_clearance_info_fails_the_whole_component ... ok
test a_missing_side_keyword_warns_and_keeps_the_front_side ... ok
test a_place_scope_without_coordinates_leaves_the_location_unset ... ok
test a_place_scope_reads_name_coordinates_side_and_rotation ... ok
test a_lowercase_pn_scope_is_still_a_part_number ... ok
test both_clearance_class_spellings_parse_identically ... ok
test a_place_scope_reads_lock_type_part_number_pins_and_keepouts ... ok
test several_components_and_several_places_all_land_in_the_placement_list ... ok
test an_unplaced_component_is_written_with_a_bare_place_scope ... ok
test a_placed_component_writes_coordinates_side_rotation_and_pin_clearance_classes ... ok
test the_lock_type_position_arm_survives_a_whole_file_read ... ok

test result: ok. 11 passed; 0 failed; 0 ignored; 0 measured; 0 filtered out; finished in 0.00s

     Running tests/plan_3_zero_coverage.rs (/Users/em/Development/freerouting/copperroute-congestion-study/target/debug/deps/plan_3_zero_coverage-28ae3769a3a65a18)

running 1 test
test every_plan_3_zero_coverage_path_has_a_directed_test ... ok

test result: ok. 1 passed; 0 failed; 0 ignored; 0 measured; 0 filtered out; finished in 0.00s

     Running tests/rules_round_trip.rs (/Users/em/Development/freerouting/copperroute-congestion-study/target/debug/deps/rules_round_trip-1cb65ce76fb861ce)

running 19 tests
test discover_layer_structure_is_insertion_ordered_and_deduplicated ... ok
test apply_new_values_from_skips_absent_scalars ... ok
test apply_via_info_leaves_via_rules_on_their_own_copies ... ok
test read_router_settings_extracts_the_autoroute_scope ... ok
test re_declared_via_info_leaves_the_rule_on_the_detached_original_like_java ... ok
test read_router_settings_returns_none_without_a_scope ... ok
test read_router_settings_leaves_unnamed_scalars_absent ... ok
test a_rules_file_naming_an_absent_layer_leaves_the_default_width_untouched ... ok
test invalid_rules_file_returns_false ... ok
test a_layer_rule_naming_a_real_layer_applies_only_there ... ok
test every_bad_header_token_returns_false ... ok
test rules_state_matches_java_except_fractional_via_hw48na_invalid ... ok
test rules_state_matches_java_issue593 ... ok
test rules_round_trip_with_autoroute_settings ... ok
test a_layer_rule_naming_an_unknown_layer_is_dropped_not_widened ... ok
test rules_round_trip ... ok
test read_existing_rules_fixture ... ok
test rules_state_matches_java_except_fractional_via_hw48na_valid ... ok
test rules_state_matches_java_except_fractional_via_issue107_bad ... ok

test result: ok. 19 passed; 0 failed; 0 ignored; 0 measured; 0 filtered out; finished in 1.07s

     Running tests/scopes.rs (/Users/em/Development/freerouting/copperroute-congestion-study/target/debug/deps/scopes-eac5cd992f30cc82)

running 14 tests
test keyword_jumper_name_is_jumper ... ok
test keyword_name_matches_2_3_0_for_every_ruling_1_keyword ... ok
test scope_keyword_from_keyword_round_trips ... ok
test scope_keyword_name_matches_2_3_0_for_all_twelve ... ok
test read_on_off_scope_reads_on_and_off ... ok
test read_integer_scope_accepts_an_integer_and_reports_no_value_for_a_float ... ok
test name_state_lexes_a_leading_digit_run_as_one_string ... ok
test read_float_scope_widens_an_integer_token ... ok
test skip_scope_consumes_exactly_the_matching_bracket ... ok
test skip_scope_handles_glued_digit_letter_tokens_throughout ... ok
test skip_scope_returns_ok_false_at_end_of_file ... ok
test a_truncation_inside_an_unknown_scope_reports_partial ... ok
test a_malformed_integer_scope_does_not_desync_its_caller ... ok
test a_truncated_dsn_reads_as_partial_not_success ... ok

test result: ok. 14 passed; 0 failed; 0 ignored; 0 measured; 0 filtered out; finished in 0.00s

     Running tests/ses_round_trip.rs (/Users/em/Development/freerouting/copperroute-congestion-study/target/debug/deps/ses_round_trip-34975e61a8825d58)

running 8 tests
test invalid_ses_is_an_error ... ok
test pcb_layer_path_lands_on_layer_0_and_counts_as_a_wire ... ok
test issue026_ses_import_matches_jvm_golden ... ok
test issue742_ses_round_trips_without_errors ... ok
test ses_round_trip_preserves_wire_count ... ok
test writer_output_can_be_read_back_by_ses_reader ... ok
test endpoint_snapping_is_stable_and_round_trips ... ok
test ses_import_summaries_match_the_jvm ... ok

test result: ok. 8 passed; 0 failed; 0 ignored; 0 measured; 0 filtered out; finished in 0.19s

     Running tests/structure_scope.rs (/Users/em/Development/freerouting/copperroute-congestion-study/target/debug/deps/structure_scope-53aebad76d6add68)

running 16 tests
test a_degenerate_bounding_box_clears_board_outline_ok_and_builds_no_board ... ok
test a_snap_angle_scope_sets_the_boards_trace_angle_restriction ... ok
test an_autoroute_settings_scope_after_a_keepout_is_read ... ok
test a_signal_layer_keepout_is_inserted_on_every_signal_layer ... ok
test a_clearance_rule_writes_both_index_orders ... ok
test a_flip_style_scope_inside_structure_sets_flip_style_rotate_first ... ok
test a_place_control_scope_sets_flip_style_rotate_first ... ok
test a_plane_scope_inserts_a_conduction_area_and_creates_its_net ... ok
test a_six_point_seven_million_unit_outline_keeps_its_scale ... ok
test read_autoroute_settings_scope_reads_costs_and_layer_rules ... ok
test empty_board_dsn_builds_a_two_layer_board_with_javas_bounding_box ... ok
test the_plan_datum_for_the_overflow_loop_stops_at_a_scale_factor_of_100 ... ok
test write_autoroute_settings_scope_matches_javas_bytes_on_a_two_layer_board ... ok
test issue756_minimal_ok_builds_javas_bounding_box ... ok
test insertion_order_matches_java_item_for_item ... ok
test the_corpus_sweep_counts_boards_whose_settings_were_read ... ok

test result: ok. 16 passed; 0 failed; 0 ignored; 0 measured; 0 filtered out; finished in 1.69s

     Running tests/wiring.rs (/Users/em/Development/freerouting/copperroute-congestion-study/target/debug/deps/wiring-b6b1cfe6bc826def)

running 1 test
test a_multi_subnet_via_carries_every_net_number ... ok

test result: ok. 1 passed; 0 failed; 0 ignored; 0 measured; 0 filtered out; finished in 0.00s

     Running unittests src/lib.rs (/Users/em/Development/freerouting/copperroute-congestion-study/target/debug/deps/copper_geometry-a32bb12decc27092)

running 246 tests
test bigint_aux::tests::gcd_matches_euclid ... ok
test circle::tests::bounding_octagon_matches_java ... ok
test bounding_directions::tests::border_point_of_a_box_octagon ... ok
test bounding_directions::tests::direction_constants_match_java ... ok
test circle::tests::negative_radius_is_negated_and_degenerate_circles_have_dimension_zero ... ok
test circle::tests::offset_shrink_and_enlarge ... ok
test circle::tests::metrics_and_containment ... ok
test bounding_directions::tests::bounding_shape_dispatch ... ok
test circle::tests::transformations_and_containment_in_a_box ... ok
test direction::cross_representation_tests::between_mixes_representations ... ok
test direction::cross_representation_tests::compare_from_and_get_vector ... ok
test bigint_aux::tests::determinant_and_rational_add ... ok
test bounding_directions::tests::nearest_border_projections_are_sorted_and_bounded ... ok
test direction::cross_representation_tests::equality_is_representation_sensitive_but_magnitude_blind ... ok
test circle::tests::display_matches_the_java_english_locale ... ok
test direction::cross_representation_tests::named_directions_are_in_counterclockwise_order ... ok
test circle::tests::bounding_tile_with_a_maximum_segment_length ... ok
test direction::cross_representation_tests::the_dispatch_arms_diverge_at_the_zero_direction_as_in_java ... ok
test direction::cross_representation_tests::all_four_dispatch_arms_agree_on_the_angular_order ... ok
test direction::cross_representation_tests::turn_45_degree_is_a_stub_for_big_directions ... ok
test direction::display_tests::display_names_match_int_direction ... ok
test direction::cross_representation_tests::predicates_and_unary_operations_agree ... ok
test direction::tests::big_direction_orders_against_int ... ok
test direction::tests::from_angle_approx ... ok
test direction::tests::from_vector_normalises_and_between_is_none_for_equal_points ... ok
test ellipse::tests::radii_are_sorted_and_the_rotation_is_normed ... ok
test float_line::tests::intersection_and_projection ... ok
test float_line::tests::segment_distance_clamps_to_endpoints ... ok
test float_line::tests::segment_projection_drops_a_perpendicular_segment_onto_self ... ok
test float_line::tests::shrink_segment_moves_both_endpoints_inward ... ok
test float_point::tests::circle_center_and_inside_circle ... ok
test float_point::tests::display_matches_java_number_format ... ok
test float_point::tests::display_of_non_finite_coordinates_matches_java ... ok
test float_point::tests::projection_approx_onto_a_line ... ok
test float_point::tests::round_goes_to_nearest_ties_away_from_zero ... ok
test float_point::tests::round_to_grid ... ok
test float_point::tests::round_to_the_right_of_direction ... ok
test float_point::tests::size_change_and_middle ... ok
test float_point::tests::tangential_points_none_when_inside ... ok
test int_box::tests::corners_and_border_lines ... ok
test int_box::tests::cutout_from_returns_surrounding_pieces ... ok
test int_box::tests::divide_into_sections_covers_area ... ok
test int_box::tests::get_id_wraps_like_java ... ok
test int_box::tests::metrics ... ok
test int_box::tests::misc_accessors ... ok
test int_box::tests::nearest_point_and_distance ... ok
test int_box::tests::nearest_border_projections_and_weighted_distance ... ok
test int_box::tests::offsets_and_translation ... ok
test int_box::tests::point_helpers ... ok
test int_box::tests::set_operations ... ok
test int_direction::tests::angle_approx_of_up_is_half_pi ... ok
test int_direction::tests::angular_equality_ignores_magnitude_and_hashes_match ... ok
test int_direction::tests::angular_order_is_counterclockwise_from_right ... ok
test int_direction::tests::compare_from_orders_relative_to_self ... ok
test int_direction::tests::compare_to_is_not_antisymmetric_at_null ... ok
test int_direction::tests::display_names ... ok
test int_direction::tests::middle_approx_of_right_and_up_is_right45 ... ok
test int_direction::tests::null_is_not_equal_to_axis_directions_but_equals_itself ... ok
test int_direction::tests::side_and_projection ... ok
test int_direction::tests::turn_45_and_opposite ... ok
test int_octagon::tests::border_line_side_of_uses_a_tolerance ... ok
test int_octagon::tests::box_conversion_and_normalize_roundtrip ... ok
test int_octagon::tests::compare_and_boxes ... ok
test int_octagon::tests::corner_accessors_agree_with_corner ... ok
test int_octagon::tests::corners_and_border_lines_are_consistent ... ok
test int_octagon::tests::cutout_from_box_covers_the_difference ... ok
test int_octagon::tests::cutout_of_a_disjoint_shape_returns_the_original ... ok
test int_octagon::tests::cutout_pieces_cover_difference ... ok
test int_octagon::tests::diamond_octagon ... ok
test int_octagon::tests::display_matches_java_to_string ... ok
test int_octagon::tests::empty_and_dimension ... ok
test int_octagon::tests::get_id_wraps_like_java ... ok
test int_octagon::tests::normalize_tightens_loose_diagonals ... ok
test int_octagon::tests::offset_and_translate ... ok
test int_octagon::tests::side_of_border_line_puts_interior_on_the_left ... ok
test int_octagon::tests::surrounding_octagon_of_point ... ok
test int_octagon::tests::union_intersection_and_containment ... ok
test int_octagon::tests::widths_and_enlarge ... ok
test int_octagon::tests::x_and_y_values_on_the_diamond ... ok
test int_point::tests::comparisons_and_side ... ok
test int_point::tests::corners ... ok
test int_point::tests::determinant_and_area ... ok
test int_point::tests::projections ... ok
test int_point::tests::side_of_line_and_perpendicular_projection ... ok
test int_point::tests::translate_and_difference ... ok
test int_point::tests::turn_and_mirror_about_pole ... ok
test int_vector::tests::basics ... ok
test int_vector::tests::large_determinant_does_not_overflow ... ok
test int_vector::tests::normalized_direction_divides_by_gcd ... ok
test int_vector::tests::side_projection_scalar ... ok
test int_vector::tests::turns_and_mirrors ... ok
test limits::tests::constants ... ok
test limits::tests::smallest_subnormal_is_below_min_positive_and_above_zero ... ok
test line::tests::axis_aligned_and_diagonal_fast_paths ... ok
test line::tests::compare_to_is_not_antisymmetric_at_the_degenerate_line ... ok
test line::tests::compare_to_is_the_counterclockwise_angular_order ... ok
test line::tests::debug_does_not_show_the_identity_token ... ok
test line::tests::equals_geometric_and_fast_equals ... ok
test line::tests::from_direction_and_from_direction_any ... ok
test line::tests::function_values ... ok
test line::tests::general_intersection_exact ... ok
test line::tests::get_id_is_the_java_hash_and_wraps ... ok
test line::tests::intersection_approx_uses_the_java_sentinel_when_parallel ... ok
test line::tests::intersection_keeps_a_rational_point_when_the_result_exceeds_crit_int ... ok
test line::tests::is_same_object_is_java_reference_identity_and_not_value_equality ... ok
test line::tests::line_perpendicular_projection_delegates_to_the_point ... ok
test line::tests::perpendicular_direction_from_a_point ... ok
test line::tests::perpendicular_projection ... ok
test line::tests::predicates ... ok
test line::tests::side_of_and_direction ... ok
test line::tests::side_of_float_and_signed_distance ... ok
test line::tests::side_of_intersection_falls_back_to_the_exact_check ... ok
test line::tests::translate_and_translate_by ... ok
test line::tests::turn_mirror_length_and_cos_angle ... ok
test line_segment::tests::border_intersections_order_and_counts ... ok
test line_segment::tests::border_intersections_with_tile ... ok
test line_segment::tests::bounding_octagon_covers_the_segment ... ok
test line_segment::tests::change_length_approx_moves_the_end_line ... ok
test line_segment::tests::closing_lines_and_opposite ... ok
test line_segment::tests::collinear_segments_touching_in_one_point ... ok
test line_segment::tests::contains_rejects_non_int_points ... ok
test line_segment::tests::endpoints_and_box ... ok
test line_segment::tests::from_polyline_and_to_polyline ... ok
test line_segment::tests::from_tile_shape_wraps_around_the_border ... ok
test line_segment::tests::intersections ... ok
test line_segment::tests::sort_endpoints_in_xy_swaps_only_the_closing_lines ... ok
test line_segment::tests::stair_approximation_45_uses_diagonal_steps ... ok
test line_segment::tests::stair_approximation_stays_near_segment ... ok
test line_segment::tests::to_simplex_is_the_segment_strip ... ok
test point::cross_representation_tests::equality_is_representation_sensitive_and_hash_agrees ... ok
test point::cross_representation_tests::from_big_only_tests_x_for_divisibility ... ok
test point::cross_representation_tests::rational_perpendicular_projection_agrees_with_the_int_point_one ... ok
test point::cross_representation_tests::side_of_line_perpendicular_projection_and_direction ... ok
test point::cross_representation_tests::representations_agree_on_binary_operations ... ok
test point::cross_representation_tests::representations_agree_on_translate_and_side_of ... ok
test point::cross_representation_tests::surrounding_octagon_dispatches_and_agrees_on_integral_points ... ok
test point::tests::circumcircle_membership_is_exact_and_orientation_independent ... ok
test point::cross_representation_tests::rational_point_rejects_a_negative_denominator - should panic ... ok
test point::tests::from_big_reduces_and_demotes ... ok
test point::tests::new_promotes_beyond_crit_int ... ok
test point::tests::rational_equality_is_by_value ... ok
test point::tests::translate_and_difference_mix_representations ... ok
test polygon::tests::a_closing_duplicate_of_the_first_corner_is_skipped ... ok
test polygon::tests::duplicates_and_collinear_removed ... ok
test polygon::tests::empty_and_degenerate_inputs ... ok
test polygon::tests::winding_number_sign_follows_orientation ... ok
test polygon_shape::tests::border_lines_and_bounding_shapes ... ok
test polygon_shape::tests::orientation_is_normalised_to_counterclockwise ... ok
test polygon_shape::tests::polyline_shape_ops ... ok
test polygon_shape::tests::convexity_area_and_split ... ok
test polygon_shape::tests::containment ... ok
test polygon_shape::tests::transformations_round_trip ... ok
test polyline::tests::a_skipped_line_leaves_the_array_as_the_caller_built_it ... ok
test polyline::tests::bounding_octagon_between_matches_java ... ok
test polyline::tests::collinear_middle_corner_is_dropped ... ok
test polyline::tests::combine_and_split ... ok
test polyline::tests::corners_roundtrip_and_length ... ok
test polyline::tests::degenerate_polylines_are_empty ... ok
test polyline::tests::from_lines_skips_parallel_and_overlapping_lines ... ok
test polyline::tests::nearest_point_distance_contains ... ok
test polyline::tests::offset_shapes_cover_segments ... ok
test polyline::tests::shorten_reduces_lines ... ok
test polyline::tests::the_caller_s_array_is_not_normalised_in_place ... ok
test polyline::tests::the_closing_lines_are_perpendicular_to_the_end_segments ... ok
test polyline::tests::transformations ... ok
test polyline_area::tests::a_stop_request_abandons_the_split ... ok
test polyline_area::tests::a_tile_shape_border_with_tile_shape_holes_is_representable ... ok
test polyline_area::tests::square_with_hole ... ok
test polyline_shape::tests::polyline_shape_ref_dispatches_to_both_variants ... ok
test polyline_area::tests::transformations_map_border_and_holes_alike ... ok
test rational_point::get_id_tests::bigint_hash_matches_the_reference_values ... ok
test polyline_shape::tests::tile_shape_implements_the_polyline_shape_members ... ok
test rational_point::get_id_tests::a_rational_points_id_folds_the_three_hashes ... ok
test rational_vector::tests::approximations ... ok
test rational_vector::tests::change_length_approx_is_an_unimplemented_no_op ... ok
test rational_vector::tests::constructor_normalises_the_sign_of_the_denominator ... ok
test rational_vector::tests::determinant_matches_int_vector ... ok
test rational_vector::tests::equality_is_proportionality ... ok
test rational_vector::tests::to_normalized_direction_ignores_the_denominator ... ok
test regular_tile_shape::tests::bounding_directions_pick_variant ... ok
test regular_tile_shape::tests::compare_edges_against_java_conventions ... ok
test regular_tile_shape::tests::containment_and_ids ... ok
test rational_vector::tests::to_normalized_direction_of_the_zero_vector_divides_by_zero - should panic ... ok
test shape::tests::all_nine_pairings_of_the_shape_enum ... ok
test regular_tile_shape::tests::union_and_contains_mixed ... ok
test shape::tests::area_dispatches_to_the_polyline_variant ... ok
test shape::tests::polygon_against_polygon_intersects ... ok
test shape::tests::polygon_intersects_every_other_variant ... ok
test shape::tests::shape_carries_the_area_interface ... ok
test shape::tests::shape_dispatch ... ok
test side::tests::of_and_negate ... ok
test signum::tests::of_and_as_int ... ok
test simplex::tests::a_far_line_on_the_other_side_makes_the_simplex_empty ... ok
test simplex::tests::border_lines_and_removal ... ok
test simplex::tests::box_to_simplex_has_four_lines_and_same_corners ... ok
test simplex::tests::cutout_from_edge_cases ... ok
test simplex::tests::cutout_from_box ... ok
test simplex::tests::cutout_from_pieces_tile_the_difference ... ok
test simplex::tests::dimension_of_degenerate_simplices ... ok
test simplex::tests::empty_simplex_behaviour ... ok
test simplex::tests::get_id_is_stable_and_wraps ... ok
test simplex::tests::index_of_right_most_corner ... ok
test simplex::tests::intersection_of_box_and_triangle ... ok
test simplex::tests::octagon_round_trip_through_simplex ... ok
test simplex::tests::offset_and_enlarge ... ok
test simplex::tests::redundant_lines_are_removed ... ok
test simplex::tests::to_int_octagon_rejects_a_non_45_degree_simplex ... ok
test simplex::tests::translate_by_and_identities ... ok
test simplex::tests::triangle_from_points ... ok
test simplex::tests::unbounded_simplex ... ok
test simplex::tests::widths_and_centre_of_gravity ... ok
test split_mix64::tests::new_and_set_seed_produce_the_same_stream ... ok
test simplex::tests::simplex_typed_methods_on_int_box_and_int_octagon ... ok
test split_mix64::tests::next_double_lies_in_the_unit_interval ... ok
test split_mix64::tests::set_seed_resets_a_partly_drawn_generator ... ok
test split_mix64::tests::next_int_rejects_a_non_positive_bound - should panic ... ok
test tile_shape::tests::area_and_intersection_across_variants ... ok
test tile_shape::tests::containment_family ... ok
test tile_shape::tests::border_distance_on_a_border_line_free_shape_throws_like_java - should panic ... ok
test tile_shape::tests::cutout_from_tile ... ok
test tile_shape::tests::cutout_simplifies_only_for_a_box_receiver ... ok
test tile_shape::tests::distance_on_a_border_line_free_shape_throws_like_java - should panic ... ok
test tile_shape::tests::distance_to_the_left_and_ray_intersection ... ok
test tile_shape::tests::distances_and_nearest ... ok
test tile_shape::tests::divide_into_sections_drops_degenerate_pieces ... ok
test tile_shape::tests::empty_shape_behaviour ... ok
test tile_shape::tests::entrance_points_and_cutout_of_a_polyline ... ok
test tile_shape::tests::index_of_nearest_corner_answers_the_nearest_corner ... ok
test tile_shape::tests::is_intersected_interior_by_points_crossings ... ok
test tile_shape::tests::nearest_border_points_and_relative_outside_locations ... ok
test tile_shape::tests::offsets_translation_and_widths ... ok
test tile_shape::tests::representation_dispatch ... ok
test tile_shape::tests::rotate_approx_across_representations ... ok
test tile_shape::tests::side_of_border_and_contains_approx ... ok
test tile_shape::tests::static_factories ... ok
test tile_shape::tests::smallest_radius_on_a_border_line_free_shape_throws_like_java - should panic ... ok
test tile_shape::tests::touching_sides_and_side_of_line ... ok
test tile_shape::tests::transformations ... ok
test vector::tests::change_length_approx_scales_int_vectors_and_no_ops_rational_ones ... ok
test vector::tests::from_big_only_tests_x_for_divisibility ... ok
test vector::tests::from_big_reduces_and_demotes ... ok
test vector::tests::new_promotes_beyond_crit_int ... ok
test vector::tests::to_normalized_direction_promotes_only_when_it_must ... ok
test vector::tests::zero_vector_and_predicates ... ok
test vector::tests::unary_operations_agree_across_representations ... ok
test vector::tests::representations_agree_on_binary_operations ... ok

test result: ok. 246 passed; 0 failed; 0 ignored; 0 measured; 0 filtered out; finished in 0.01s

     Running tests/border_line_index.rs (/Users/em/Development/freerouting/copperroute-congestion-study/target/debug/deps/border_line_index-2883f95599c82aa0)

running 7 tests
test a_border_line_described_by_other_points_is_still_that_border_line ... ok
test a_line_that_is_not_a_border_line_answers_none ... ok
test border_line_index_is_geometric ... ok
test two_border_lines_through_the_same_point_are_told_apart ... ok
test the_three_tile_shape_arms_agree ... ok
test the_reversed_border_line_is_not_that_border_line ... ok
test the_octagon_fixture_really_has_eight_distinct_sides ... ok

test result: ok. 7 passed; 0 failed; 0 ignored; 0 measured; 0 filtered out; finished in 0.00s

     Running tests/consistency.rs (/Users/em/Development/freerouting/copperroute-congestion-study/target/debug/deps/consistency-ba852fc6658afb60)

running 4 tests
test rational_and_int_points_compare_consistently ... ok
test line_intersection_exact_matches_approx_when_integral ... ok
test box_octagon_simplex_agree_on_containment_and_intersection ... ok
test polyline_offset_shapes_contain_their_segments ... ok

test result: ok. 4 passed; 0 failed; 0 ignored; 0 measured; 0 filtered out; finished in 0.01s

     Running tests/nearest_and_stairs.rs (/Users/em/Development/freerouting/copperroute-congestion-study/target/debug/deps/nearest_and_stairs-18c6b5693c0f537a)

running 10 tests
test circle_center_of_a_horizontal_or_vertical_input_is_finite ... ok
test nearest_corner_at_distance_zero_is_nearest ... ok
test a_tie_between_corners_keeps_the_first ... ok
test nearest_corner_at_non_zero_distance_is_nearest ... ok
test a_single_nearest_border_point_is_unchanged ... ok
test a_forty_five_degree_segment_is_still_its_two_end_points ... ok
test stair_approximation_45_uses_the_y_function ... ok
test the_function_of_x_branch_is_unchanged ... ok
test the_insertion_shift_copies_the_right_element ... ok
test the_staircase_of_a_transposed_segment_is_the_transposed_staircase ... ok

test result: ok. 10 passed; 0 failed; 0 ignored; 0 measured; 0 filtered out; finished in 0.00s

     Running tests/polygon_geometry.rs (/Users/em/Development/freerouting/copperroute-congestion-study/target/debug/deps/polygon_geometry-adb068e284793682)

running 8 tests
test circle_nearest_point_approx_lands_on_the_circumference ... ok
test smallest_radius_of_a_concave_polygon_is_not_zero ... ok
test contains_on_border_distinguishes_inside_from_on_the_edge ... ok
test enlarge_grows_every_edge_by_the_offset ... ok
test polygon_cutout_removes_the_inside_part_of_a_polyline ... ok
test border_distance_and_distance_agree_outside_and_differ_inside ... ok
test polygon_against_polygon_intersects_without_recursing ... ok
test circle_cutout_removes_the_middle_of_a_diameter ... ok

test result: ok. 8 passed; 0 failed; 0 ignored; 0 measured; 0 filtered out; finished in 0.00s

     Running tests/polyline.rs (/Users/em/Development/freerouting/copperroute-congestion-study/target/debug/deps/polyline-2054e2df0135b879)

running 3 tests
test an_empty_polyline_has_no_corners_and_no_negative_array ... ok
test remove_overlaps_on_a_degenerate_array_normalises_to_a_literal ... ok
test the_two_corner_branch_answers_an_empty_simplex ... ok

test result: ok. 3 passed; 0 failed; 0 ignored; 0 measured; 0 filtered out; finished in 0.00s

     Running tests/rational_point.rs (/Users/em/Development/freerouting/copperroute-congestion-study/target/debug/deps/rational_point-57d10fa951c00aff)

running 3 tests
test a_line_through_the_origin_agreed_even_before_the_fix ... ok
test perpendicular_projection_matches_the_hand_derived_witnesses ... ok
test perpendicular_projection_agrees_with_int_point ... ok

test result: ok. 3 passed; 0 failed; 0 ignored; 0 measured; 0 filtered out; finished in 0.02s

     Running tests/tail.rs (/Users/em/Development/freerouting/copperroute-congestion-study/target/debug/deps/tail-d1fea42be73b9e35)

running 10 tests
test a_degenerate_box_answers_no_sections ... ok
test a_healthy_box_still_divides_the_way_it_did ... ok
test an_integer_translation_of_a_circle_still_translates ... ok
test a_degenerate_polygon_has_no_area_and_does_not_underflow ... ok
test divide_into_sections_drops_the_degenerate_cells ... ok
test area_is_not_always_zero ... ok
test the_octagon_and_the_box_agree_about_their_border ... ok
test the_cutout_merge_branches_are_still_dead ... ok
test the_two_point_constructor_agrees_with_the_polygon_one ... ok
test a_rational_translation_of_a_circle_fails_rather_than_lying - should panic ... ok

test result: ok. 10 passed; 0 failed; 0 ignored; 0 measured; 0 filtered out; finished in 0.00s

     Running unittests src/lib.rs (/Users/em/Development/freerouting/copperroute-congestion-study/target/debug/deps/copper_router-5d726eeaba1dc16d)

running 89 tests
test arena::tests::with_capacity_is_still_empty ... ok
test autoroute::attempt::tests::the_variant_order_is_javas_ordinal_order ... ok
test arena::tests::clear_restarts_the_indices ... ok
test autoroute::attempt::tests::is_routed_is_the_state_test ... ok
test autoroute::attempt::tests::the_default_state_is_javas_unknown ... ok
test arena::tests::slot_count_keeps_counting_holes ... ok
test arena::tests::iter_mut_visits_the_live_entries_only ... ok
test autoroute::drill::expansion_drill::tests::the_id_is_javas_hash_of_the_location_and_the_two_layers ... ok
test autoroute::drill::page::tests::a_fresh_pages_id_is_the_engine_counter_and_javas_hashes_the_minus_one_net ... ok
test autoroute::drill::expansion_drill::tests::the_arrays_are_one_slot_per_layer ... ok
test autoroute::expansion::complete_room::tests::clear_doors_empties_both_lists ... ok
test autoroute::drill::page_array::tests::a_flat_page_id_round_trips_through_the_grid ... ok
test autoroute::expansion::complete_room::tests::compare_to_is_descending_by_id_like_javas_reversed_subtraction ... ok
test autoroute::expansion::complete_room::tests::net_dependence_is_a_one_way_latch ... ok
test autoroute::expansion::complete_room::tests::remove_door_routes_target_doors_to_the_other_list ... ok
test autoroute::attempt::tests::an_explicitly_empty_detail_string_prints_like_no_details ... ok
test autoroute::expansion::door::tests::an_unallocated_section_array_is_javas_null ... ok
test autoroute::expansion::door::tests::allocate_sections_keeps_an_array_of_the_same_length_and_replaces_another ... ok
test autoroute::expansion::door::tests::reset_clears_every_section ... ok
test autoroute::expansion::complete_room::tests::the_search_tree_facade_answers_one_shape_on_one_layer_and_obstructs_everything ... ok
test autoroute::expansion::door::tests::other_room_answers_either_side_and_none_for_a_stranger ... ok
test autoroute::expansion::door::tests::the_complete_overload_drops_an_incomplete_answer ... ok
test autoroute::expansion::door::tests::the_id_is_symmetric_and_wraps ... ok
test autoroute::expansion::free_space_room::tests::a_null_shape_is_the_whole_plane ... ok
test autoroute::expansion::free_space_room::tests::clear_doors_empties_the_list ... ok
test autoroute::expansion::door::tests::the_two_argument_constructor_takes_the_intersections_dimension ... ok
test autoroute::expansion::free_space_room::tests::door_exists_finds_either_side ... ok
test autoroute::expansion::free_space_room::tests::remove_door_takes_the_first_match_and_reports_whether_it_found_one ... ok
test autoroute::drill::page_array::tests::an_out_of_range_index_panics_like_javas_array_access - should panic ... ok
test autoroute::expansion::incomplete_room::tests::target_doors_are_always_empty ... ok
test autoroute::expansion::incomplete_room::tests::the_id_is_the_engine_counter_and_javas_is_the_shape_hash ... ok
test autoroute::expansion::incomplete_room::tests::javas_id_of_a_whole_plane_room_still_npes - should panic ... ok
test autoroute::expansion::incomplete_room::tests::the_id_no_longer_moves_when_the_shape_is_replaced ... ok
test autoroute::expansion::incomplete_room::tests::the_whole_plane_room_has_an_id ... ok
test autoroute::expansion::obstacle_room::tests::the_id_is_an_or_not_a_sum_so_a_wide_index_aliases ... ok
test autoroute::expansion::obstacle_room::tests::the_shift_overflows_a_java_int_at_two_to_the_twenty_first ... ok
test autoroute::expansion::room::tests::a_room_ref_is_an_identity_not_a_value ... ok
test autoroute::expansion::room::tests::is_complete_matches_javas_two_instanceof_tests ... ok
test autoroute::expansion::target_door::tests::the_id_folds_the_item_and_the_room_and_wraps ... ok
test autoroute::expansion::tests::a_stale_id_reads_a_hole_rather_than_someone_elses_room ... ok
test autoroute::expansion::tests::clear_is_safe_for_a_room_that_never_entered_the_tree ... ok
test autoroute::expansion::tests::clear_removes_the_tree_leaves_before_it_drains_the_arenas ... ok
test autoroute::expansion::tests::only_a_complete_free_space_room_has_target_doors ... ok
test autoroute::expansion::tests::reset_doors_reaches_both_the_doors_and_the_target_doors ... ok
test autoroute::expansion::tests::the_counter_pre_increments_so_the_first_room_id_is_one ... ok
test autoroute::expansion::tests::the_three_get_ids_dispatch_to_three_different_formulas ... ok
test autoroute::item_info::tests::a_grown_shape_count_preserves_the_existing_rooms ... ok
test autoroute::item_info::tests::a_null_array_is_allocated_to_the_current_shape_count ... ok
test autoroute::instrument::tests::a_fire_is_attributed_to_the_last_mutation ... ok
test autoroute::item_info::tests::a_shape_count_of_zero_leaves_an_empty_array_and_every_index_out_of_range ... ok
test autoroute::instrument::tests::a_recorder_is_inert_while_the_instrumentation_is_off ... ok
test autoroute::item_info::tests::a_shrunk_shape_count_truncates ... ok
test autoroute::item_info::tests::an_already_created_room_is_handed_back_unchanged ... ok
test autoroute::item_info::tests::an_out_of_range_index_is_javas_silent_null ... ok
test autoroute::maze::corridor::tests::corridor_cost_is_additive_under_segment_subdivision ... ok
test autoroute::maze::corridor::tests::cost_counts_only_the_part_of_a_segment_outside_the_band ... ok
test autoroute::maze::corridor::tests::a_crossing_signal_is_not_treated_as_an_ordered_lane ... ok
test autoroute::maze::search_element::tests::reset_clears_every_one_of_the_six_fields ... ok
test autoroute::maze::corridor::tests::rotating_the_corridor_and_segment_preserves_the_penalty ... ok
test autoroute::maze::search_element::tests::the_adjustment_default_is_none_like_the_field_initialiser ... ok
test autoroute::maze::corridor::tests::overlapping_groups_do_not_count_lanes_assigned_to_another_corridor ... ok
test board_ext::tightener::tightener_45::quality_tests::acute_smoothing_keeps_room_for_its_one_unit_reserve ... ok
test autoroute::path::inserter::tests::the_guard_reads_the_rules_minimum_not_the_running_board_minimum ... ok
test board_ext::tightener::tightener_any_angle::reduce_lines_write_back_tests::splice_and_normalise_writes_the_flipped_line_back_into_the_loops_array ... ok
test board_ext::via_optimizer::projection_regression_tests::fanout_projection_preserves_a_shortening_grid_move ... ok
test board_ext::via_optimizer::projection_regression_tests::rounded_fanout_projection_does_not_reverse_a_corner_move ... ok
test autoroute::path::inserter::tests::the_micro_neckdown_fallback_never_goes_below_the_rules_minimum ... ok
test autoroute::path::inserter::tests::the_fallback_still_necks_down_when_the_class_is_above_the_minimum ... ok
test board_ext::via_optimizer::tests::matching_the_first_corner_returns_its_neighbour ... ok
test board_ext::via_optimizer::tests::matching_the_last_corner_returns_its_neighbour ... ok
test board_ext::via_optimizer::tests::a_two_corner_trace_returns_the_other_endpoint_from_either_end ... ok
test board_ext::via_optimizer::tests::a_point_one_unit_off_either_end_matches_neither ... ok
test pipeline::counters::tests::a_fresh_counter_set_is_all_null ... ok
test pipeline::counters::tests::the_java_field_name_list_has_nine_entries ... ok
test pipeline::board_prep::tests::project_copper_minimum_floors_lower_classes_without_lowering_larger_ones ... ok
test pipeline::stop::tests::a_fresh_stop_is_none ... ok
test pipeline::stop::tests::deterministic_work_budget_stops_before_the_next_step ... ok
test pipeline::board_prep::tests::copper_floor_refreshes_compensated_pin_shapes ... ok
test pipeline::stop::tests::the_cancel_poll_seam_is_a_no_op_until_a_closure_is_installed ... ok
test pipeline::stop::tests::the_cancel_poll_seam_and_the_deadline_poll_are_independent ... ok
test pipeline::stop::tests::the_fanout_limit_scales_with_the_pass_number ... ok
test pipeline::stop::tests::the_state_lattice_is_declaration_order ... ok
test visualization::tests::defaults_bound_disk_usage ... ok
test autoroute::path::inserter::tests::a_clear_dogleg_keeps_nominal_width_at_a_pad_corner ... ok
test visualization::tests::viewer_generates_fixed_width_frame_names ... ok

running 1 test
test autoroute::maze::control::corridor_default_tests::corridor_guidance_defaults_on_and_can_be_disabled ... ok

test result: ok. 1 passed; 0 failed; 0 ignored; 0 measured; 88 filtered out; finished in 0.00s

test autoroute::path::inserter::tests::the_micro_neckdown_candidate_order_is_javas_insertion_order ... ok
test score::statistics::census_tests::census_reuses_geometry_queries_without_changing_multinet_reachability ... ok

running 1 test
test autoroute::maze::control::corridor_default_tests::corridor_guidance_defaults_on_and_can_be_disabled ... ok

test result: ok. 1 passed; 0 failed; 0 ignored; 0 measured; 88 filtered out; finished in 0.00s

test autoroute::path::inserter::tests::the_neckdown_retry_matches_the_jvm ... ok

running 1 test
test autoroute::maze::control::corridor_default_tests::corridor_guidance_defaults_on_and_can_be_disabled ... ok

test result: ok. 1 passed; 0 failed; 0 ignored; 0 measured; 88 filtered out; finished in 0.00s

test autoroute::maze::control::corridor_default_tests::corridor_guidance_defaults_on_and_can_be_disabled ... ok

test result: ok. 89 passed; 0 failed; 0 ignored; 0 measured; 0 filtered out; finished in 0.01s

     Running tests/airline.rs (/Users/em/Development/freerouting/copperroute-congestion-study/target/debug/deps/airline-d4fd9d2ca4e8fd99)

running 1 test
test calculate_item_distance_matches_the_java_formula ... ok

test result: ok. 1 passed; 0 failed; 0 ignored; 0 measured; 0 filtered out; finished in 0.00s

     Running tests/autoroute_connection.rs (/Users/em/Development/freerouting/copperroute-congestion-study/target/debug/deps/autoroute_connection-7dc444ebe8c68947)

running 17 tests
test an_already_stopped_run_fails_before_the_maze_is_built ... ok
test an_inactive_layer_fails_with_javas_message ... ok
test a_maze_that_cannot_be_built_fails_with_javas_message ... ok
test describe_connection_joins_javas_item_names_in_descending_id_order ... ok
test a_panicking_locator_degrades_to_javas_message_less_failure ... ok
test a_ripping_connection_deletes_javas_items_and_reports_javas_ripped_set ... ok
test a_plain_connection_routes_and_inserts_javas_trace ... ok
test a_stop_inside_the_pop_loop_degrades_through_boundary_three ... ok
test cleanup_runs_before_every_early_return ... ok
test skipped_has_no_producer_because_connection_items_is_never_null ... ok
test no_connection_found_fails_with_javas_message ... ok
test no_unconnected_items_answers_no_unconnected_nets ... ok
test the_room_database_carries_over_when_maintain_database_is_set ... ok
test route_steps_one_to_five_match_java_including_the_fifth_boundary ... ok
test the_plane_swap_reverses_start_and_dest ... ok
test route_connection_rips_through_javas_cost_model ... ok
test a_layer_changing_connection_routes_through_javas_via ... ok

test result: ok. 17 passed; 0 failed; 0 ignored; 0 measured; 0 filtered out; finished in 0.06s

     Running tests/batch_autorouter.rs (/Users/em/Development/freerouting/copperroute-congestion-study/target/debug/deps/batch_autorouter-88e143ec559fe540)

running 26 tests
test a_ripup_widens_the_net_filter_back_to_the_configured_nets ... ok
test a_ripup_clears_the_net_filter_when_no_nets_are_configured ... ok
test an_empty_pass_with_a_stop_pending_still_removes_tails ... ok
test an_empty_pass_still_polls_the_job_deadline ... ok
test remove_items_and_pull_tight_combines_traces_in_ascending_net_order ... ok
test remove_items_and_pull_tight_refuses_a_user_fixed_item ... ok
test a_routing_job_pass_counts_incompletes_for_its_progress_counters ... ok
test a_net_filter_limits_the_work_list_to_its_nets ... ok
test remove_tails_strips_every_tail_and_clears_the_changed_area ... ok
test remove_items_and_pull_tight_hands_the_tightener_a_live_clip_octagon ... ok
test equal_airline_distances_keep_the_descending_id_tie_order ... ok
test a_non_positive_tidy_width_skips_the_tightener_entirely ... ok
test settings_seed_the_routers_net_filter ... ok
test remove_tails_forwards_the_stop_connection_option ... ok
test should_fire_board_update_uses_the_budget ... ok
test the_constants_are_javas_literals ... ok
test retain_autoroute_database_is_false_on_every_path ... ok
test the_optimizers_re_router_reports_no_incomplete_count_in_its_pass_counters ... ok
test the_work_list_is_sorted_by_airline_distance ... ok
test step_eight_is_a_no_op_when_strict_drc_is_off ... ok
test retain_autoroute_database_has_no_setter ... ok
test remove_tails_pulls_the_marked_area_tight ... ok
test step_six_runs_only_on_routed ... ok
test the_necked_retry_gets_a_fresh_time_limit ... ok
test the_necked_retry_is_skipped_when_no_layer_is_wider_than_the_neck ... ok
test the_necked_retry_fires_and_spends_item_ids ... ok

test result: ok. 26 passed; 0 failed; 0 ignored; 0 measured; 0 filtered out; finished in 0.31s

     Running tests/batch_loop.rs (/Users/em/Development/freerouting/copperroute-congestion-study/target/debug/deps/batch_loop-e5fbd2af7ad768e0)

running 17 tests
test a_full_history_never_ranks_a_board_past_its_cap ... ignored
test a_normal_finish_reports_finished ... ignored
test an_active_non_signal_layer_is_not_routable ... ignored
test an_empty_history_never_swaps ... ignored
test max_passes_zero_is_unlimited ... ignored
test one_pass_record_per_completed_pass_in_order ... ignored
test only_a_pass_that_routes_nothing_reaches_finished ... ignored
test routing_with_fanout_enabled_runs_the_pre_pass ... ignored
test the_final_swap_takes_the_best_board_only_when_it_is_strictly_better ... ignored
test the_rank_the_loop_tests_is_read_after_restore_boards_reorder ... ignored
test the_restore_gate_needs_eight_entries_and_a_pass_multiple_of_four ... ok
test the_stagnation_counter_resets_only_from_pass_eight ... ok
test the_stagnation_paths_build_the_unrouted_report ... ok
test the_rank_limit_can_never_fire ... ok
test a_board_with_no_signal_layer_errors_and_reports_cancelled ... ok
test fanout_respects_the_configured_nets ... ok
test the_batch_loop_routes_only_the_configured_nets ... ok

test result: ok. 7 passed; 0 failed; 10 ignored; 0 measured; 0 filtered out; finished in 0.90s

     Running tests/batch_parity.rs (/Users/em/Development/freerouting/copperroute-congestion-study/target/debug/deps/batch_parity-da92563eb0b21372)

running 2 tests
test the_slow_stems_climb_the_whole_ladder ... ignored, slow in debug; run with COPPERROUTE_SLOW=1 --release
test the_stem_table_matches_the_fixture_file ... ok

test result: ok. 1 passed; 0 failed; 1 ignored; 0 measured; 0 filtered out; finished in 0.00s

     Running tests/board_ext.rs (/Users/em/Development/freerouting/copperroute-congestion-study/target/debug/deps/board_ext-b07bc34c10703be1)

running 23 tests
test drill_item_mover_check_agrees_with_the_jvm ... ok
test ignore_items_at_tie_pins_answers_the_contacts_of_the_own_net_pins ... ok
test drill_item_mover_check_does_not_mutate_its_caller ... ok
test init_autoroute_never_reuses_when_retain_is_false ... ok
test finish_autoroute_clears_the_room_database_before_dropping_the_engine ... ok
test additional_update_after_change_removes_the_overlapping_rooms ... ok
test init_autoroute_reuses_the_engine_only_on_a_matching_clearance_class ... ok
test check_forced_trace_polyline_uses_the_default_tree_and_the_bounding_box_in_ninety_degree_mode ... ok
test additional_update_after_change_invalidates_the_drill_pages_of_every_tree_shape ... ok
test insert_stops_when_the_stop_check_trips ... ok
test the_failing_obstacle_column_no_longer_carries_leftovers ... ok
test trace_shover_check_does_not_mutate_the_board ... ok
test the_shove_loop_entry_side_index_is_one_below_the_check_loops ... ok
test trace_shover_check_preserves_probe_results_except_the_nominal_clearance_boundary ... ok
test the_rand_port_golden_still_differs_from_the_jar ... ok
test trace_shover_check_segment_agrees_with_the_jvm ... ok
test try_shove_via_points_agrees_with_the_jvm ... ok
test trace_shover_check_refuses_at_the_recursion_limit ... ok
test spring_over_obstacles_agrees_with_the_jvm_on_every_probe_row ... ok
test spring_over_obstacles_stops_at_the_recursion_limit ... ok
test insert_forced_trace_segment_necks_down_with_nominal_clearance ... ok
test insert_forced_trace_polyline_preserves_reviewed_nominal_clearance_rows ... ok
test insert_forced_trace_polyline_pull_tightens_its_tail ... ok

test result: ok. 23 passed; 0 failed; 0 ignored; 0 measured; 0 filtered out; finished in 1.01s

     Running tests/board_history.rs (/Users/em/Development/freerouting/copperroute-congestion-study/target/debug/deps/board_history-20d7cbe498e9080d)

running 18 tests
test add_and_restore_board ... ok
test contains ... ok
test clear ... ok
test restore_best_board_from_multiple ... ok
test at_capacity_a_worse_board_is_rejected ... ok
test size_cap_evicts_worst_entry ... ok
test entries_are_score_ordered_before_restore ... ok
test size_cap_never_exceeds_max_history_size ... ok
test a_restored_board_is_javas_deserialize_round_trip ... ok
test restore_board_zero_means_unlimited ... ok
test trace_free_boards_are_distinguishable ... ok
test at_capacity_an_equal_scoring_board_is_rejected_too ... ok
test the_best_penalty_of_an_empty_history_is_infinite ... ok
test an_identical_board_is_rejected_by_hash ... ok
test under_capacity_any_distinct_board_enters ... ok
test the_hash_ignores_a_failed_pass_that_java_can_still_tell_apart ... ok
test rank_is_score_ordered_before_and_after_restore ... ok
test the_history_transcript_matches_the_port_golden ... ok

test result: ok. 18 passed; 0 failed; 0 ignored; 0 measured; 0 filtered out; finished in 0.56s

     Running tests/clearance_override.rs (/Users/em/Development/freerouting/copperroute-congestion-study/target/debug/deps/clearance_override-88936d473a4850f7)

running 7 tests
test p7t15b_transcript_matches_on_the_whole_corpus ... ignored, slow in debug; run with COPPERROUTE_SLOW=1 --release
test the_two_copies_of_the_default_copper_to_edge_clearance_agree ... ok
test the_default_settings_ladder_fills_both_override_knobs ... ok
test project_edge_floor_preserves_both_directions_of_asymmetric_clearances ... ok
test project_minimums_floor_default_and_explicit_router_clearances ... ok
test prepare_board_skips_a_none_setting_and_orders_copper_before_hole ... ok
test p7t15b_transcript_matches_on_the_ci_stems ... ok

test result: ok. 6 passed; 0 failed; 1 ignored; 0 measured; 0 filtered out; finished in 0.15s

     Running tests/connection_budget.rs (/Users/em/Development/freerouting/copperroute-congestion-study/target/debug/deps/connection_budget-96d47dfb16eb389f)

running 5 tests
test a_tiny_step_cap_fails_connections_without_stopping_the_pass ... ignored, routes rpi_splitter; run with --release
test the_search_budget_is_polled_by_the_search_and_not_by_the_cleanup ... ignored, routes rpi_splitter; run with --release
test a_step_cap_trips_after_that_many_polls ... ok
test the_default_step_cap_is_a_quarter_million_and_zero_lifts_it ... ok
test the_resolved_defaults_carry_the_cap ... ok

test result: ok. 3 passed; 0 failed; 2 ignored; 0 measured; 0 filtered out; finished in 0.00s

     Running tests/connection_to_pin.rs (/Users/em/Development/freerouting/copperroute-congestion-study/target/debug/deps/connection_to_pin-fc9a230ecb7f906b)

running 13 tests
test a_successful_swap_reorders_the_stub_into_the_trace ... ok
test check_connection_to_pin_answers_the_corrected_outcomes ... ok
test combine_calls_additional_update_after_change_once_per_merge_and_never_without_one ... ok
test a_zero_pin_edge_to_turn_distance_is_refused ... ok
test check_connection_to_pin_matches_the_task_16_golden_over_the_whole_table ... ok
test correct_connection_to_pin_matches_the_task_16_golden_at_fortyfive_degrees ... ok
test correct_connection_to_pin_matches_the_task_16_golden_at_ninety_degrees ... ok
test the_pair_is_skipped_at_ninety_degrees ... ok
test correct_connection_to_pin_matches_the_task_16_golden_at_any_angle ... ok
test swap_connection_to_pin_matches_the_jvm_at_any_angle ... ok
test swap_connection_to_pin_matches_the_jvm_at_ninety_degrees ... ok
test swap_connection_to_pin_matches_the_jvm_at_fortyfive_degrees ... ok
test pull_tight_matches_the_jvm_in_every_regime_at_every_pin_edge_to_turn_dist ... ok

test result: ok. 13 passed; 0 failed; 0 ignored; 0 measured; 0 filtered out; finished in 0.03s

     Running tests/control.rs (/Users/em/Development/freerouting/copperroute-congestion-study/target/debug/deps/control-2a96ab999b74e246)

running 20 tests
test every_hard_coded_constant_matches_java ... ok
test a_power_plane_is_forced_inactive_however_the_settings_ask ... ok
test an_empty_net_is_not_pure_smd ... ok
test a_positive_unknown_net_gets_the_half_width_fallback ... ok
test a_null_net_uses_clearance_class_one_and_the_first_via_rule ... ok
test per_millimetre_pricing_charges_via_costs_millimetres_of_trace ... ok
test net_zero_falls_back_to_net_one_half_widths ... ok
test the_per_layer_and_flag_copies_track_the_settings ... ok
test rebuild_via_info_accumulates_the_radii_it_is_run_over ... ok
test strict_attachment_is_derived_from_the_current_via_masks ... ok
test the_trace_costs_are_the_re_exported_settings_type ... ok
test the_two_fanout_escape_lengths_are_copied_with_javas_defaults ... ok
test with_every_layer_disabled_no_layer_is_routable ... ok
test per_millimetre_pricing_follows_the_scores_trace_cost ... ok
test the_default_control_prices_vias_by_padstack_radius ... ok
test the_pure_smd_discount_is_a_setting_under_both_pricings ... ok
test per_millimetre_pricing_ignores_the_padstack_radius ... ok
test the_smd_relaxation_is_a_setting ... ok
test pure_smd_relaxes_attach_and_scales_the_via_cost ... ok
test every_field_of_the_jvm_transcript_is_reproduced ... ok

test result: ok. 20 passed; 0 failed; 0 ignored; 0 measured; 0 filtered out; finished in 0.09s

     Running tests/destination_distance.rs (/Users/em/Development/freerouting/copperroute-congestion-study/target/debug/deps/destination_distance-f95ddc60b58f92b6)

running 4 tests
test calculate_cheap_does_not_mutate_the_receiver ... ok
test join_buckets_into_component_solder_and_one_shared_inner_box ... ok
test nothing_joined_answers_integer_max_value_as_a_double ... ok
test every_row_of_the_jvm_transcript_is_reproduced ... ok

test result: ok. 4 passed; 0 failed; 0 ignored; 0 measured; 0 filtered out; finished in 0.00s

     Running tests/drill.rs (/Users/em/Development/freerouting/copperroute-congestion-study/target/debug/deps/drill-9907bfeea393408e)

running 14 tests
test calculate_expansion_rooms_reuses_the_rooms_that_are_already_in_the_tree ... ok
test a_stopped_split_does_not_memoise_an_empty_page ... ok
test an_smd_pin_is_cut_out_unless_attach_smd_and_drill_allowed ... ok
test get_drills_binds_one_room_per_layer_and_hashes_its_location ... ok
test overlapping_pages_include_boundary_contacts ... ok
test calculate_expansion_rooms_fails_when_one_layer_is_blocked ... ok
test page_grid_matches_java_for_a_known_bounding_box ... ok
test invalidating_a_page_frees_its_drills_arena_slots ... ok
test the_prev_obstacle_carry_suppresses_duplicate_cutouts_for_a_through_via ... ok
test get_drills_recomputes_when_the_net_changes_and_mutates_javas_id ... ok
test reset_all_doors_resets_the_pages_but_keeps_their_drills ... ok
test a_virgin_engine_yields_thirteen_drills ... ok
test the_engine_reaches_its_pages_through_invalidate_drill_pages ... ok
test recomputing_for_a_new_net_frees_the_previous_nets_drills ... ok

test result: ok. 14 passed; 0 failed; 0 ignored; 0 measured; 0 filtered out; finished in 0.01s

     Running tests/engine_rooms.rs (/Users/em/Development/freerouting/copperroute-congestion-study/target/debug/deps/engine_rooms-9c566c7956a218bc)

running 19 tests
test an_abandoned_rooms_incomplete_neighbours_are_not_deleted_with_it ... ok
test a_door_onto_an_incomplete_room_is_not_skipped ... ok
test clear_empties_the_room_database_the_tree_and_the_items_scratch ... ok
test completing_a_seed_room_on_an_empty_board_yields_no_rooms_at_all ... ok
test a_freshly_completed_database_validates ... ok
test completing_a_neighbour_restarts_the_iterator ... ok
test complete_expansion_room_answers_javas_empty_collection_on_an_injected_failure ... ok
test an_abandoned_room_leaves_no_live_doors ... ok
test a_committed_room_survives_the_catch ... ok
test an_obstacle_splits_the_seed_into_the_java_room_set ... ok
test init_connection_on_a_new_net_drops_the_net_dependent_rooms ... ok
test init_connection_leaves_the_rooms_when_maintain_database_is_false ... ok
test reset_all_doors_clears_the_scratch_it_finds_and_creates_none ... ok
test rooms_with_target_items_iterates_descending ... ok
test the_incomplete_room_list_is_a_queue_in_insertion_order ... ok
test the_room_id_counter_is_consecutive_and_the_stop_check_is_two_tests ... ok
test touching_sides_is_length_checked ... ok
test only_the_first_two_dimensional_candidate_is_added_directly ... ok
test the_complete_room_list_is_exactly_the_rooms_in_the_tree ... ok

test result: ok. 19 passed; 0 failed; 0 ignored; 0 measured; 0 filtered out; finished in 0.00s

     Running tests/expansion_rooms.rs (/Users/em/Development/freerouting/copperroute-congestion-study/target/debug/deps/expansion_rooms-ee624f7c78b02178)

running 24 tests
test a_maze_search_element_resets_to_its_default ... ok
test a_doors_sections_are_allocated_once_and_reset_in_place ... ok
test a_door_knows_its_other_room_and_only_a_complete_one ... ok
test a_door_built_from_the_room_shapes_takes_the_intersections_dimension ... ok
test a_target_door_id_folds_in_the_item_and_the_room ... ok
test a_re_section_of_the_same_width_keeps_the_maze_state ... ok
test a_dimension_one_door_divides_into_sections_and_allocates_them ... ok
test an_empty_door_shape_yields_no_sections_at_all ... ok
test a_two_dimensional_door_between_two_free_space_rooms_uses_the_restraint_line ... ok
test door_exists_and_remove_door_walk_the_rooms_door_list ... ok
test door_id_is_symmetric_in_its_two_rooms ... ok
test a_room_and_an_item_with_the_same_numeric_id_do_not_collide ... ok
test an_obstacle_room_reads_its_shape_once_and_its_layer_every_time ... ok
test expansion_room_array_resizes_and_preserves ... ok
test a_target_door_intersects_the_item_with_its_room_and_a_null_room_is_empty ... ok
test a_two_dimensional_door_touching_an_obstacle_room_falls_to_the_gravity_branch ... ok
test room_ids_are_the_engine_counter_and_items_are_not ... ok
test clear_takes_the_rooms_out_of_the_boards_tree_before_draining_the_arenas ... ok
test rooms_sort_before_items_and_descending_among_themselves ... ok
test the_java_obstacle_room_id_aliases_above_1023_shapes ... ok
test a_room_enters_the_boards_own_compensated_tree_before_its_items ... ok
test a_stale_index_drops_the_autoroute_info ... ok
test every_expandable_id_is_stable_and_injective ... ok
test removing_a_room_twice_is_a_no_op_not_a_panic ... ok

test result: ok. 24 passed; 0 failed; 0 ignored; 0 measured; 0 filtered out; finished in 0.01s

     Running tests/failure_log.rs (/Users/em/Development/freerouting/copperroute-congestion-study/target/debug/deps/failure_log-391f9e3f1fac7a2a)

running 2 tests
test an_item_that_fails_fifty_times_is_skipped_when_enabled ... ok
test the_give_up_policy_is_disabled_by_default ... ok

test result: ok. 2 passed; 0 failed; 0 ignored; 0 measured; 0 filtered out; finished in 0.01s

     Running tests/fanout.rs (/Users/em/Development/freerouting/copperroute-congestion-study/target/debug/deps/fanout-ef45bbb02cfd7381)

running 20 tests
test a_board_with_smd_pins_runs_the_pre_pass_and_reports_it ... ignored
test a_recording_sink_changes_no_fanout_byte ... ignored
test an_empty_smd_pin_set_skips_the_pre_pass ... ignored
test an_expired_job_deadline_stops_fanout_and_clears_the_changed_area ... ignored
test an_unchanged_hash_stops_the_loop_on_the_first_repeat ... ok
test the_fanout_recovery_body_strips_tails_and_sets_the_one_shot_flag ... ok
test the_documented_fanout_timeout_examples_both_parse_to_nothing_in_java ... ok
test the_progress_sink_sees_the_1_based_pass_number ... ignored
test the_stage_deadline_never_touches_the_stop_flag ... ignored
test the_documented_timeout_spellings_parse ... ok
test the_stops_are_tested_in_order ... ok
test two_passes_with_different_hashes_do_not_stop_the_loop ... ok
test the_timespan_grammar_matches_the_jvms ... ok
test zero_routed_pins_ends_the_loop ... ignored
test ripup_costs_scale_with_the_pass_number ... ok
test a_pin_whose_net_does_not_resolve_cannot_use_vias ... ok
test the_max_items_gate_treats_a_non_positive_limit_as_no_limit ... ok
test the_fanout_recovery_in_the_batch_loop_fires_once ... ok
test micro_neckdown_escapes_pads_narrower_than_the_trace ... ok
test an_unparseable_fanout_timeout_is_refused ... ok

test result: ok. 13 passed; 0 failed; 7 ignored; 0 measured; 0 filtered out; finished in 0.17s

     Running tests/fanout_order.rs (/Users/em/Development/freerouting/copperroute-congestion-study/target/debug/deps/fanout_order-37eda0a4f0c66b9b)

running 21 tests
test a_successful_retry_does_not_destroy_the_first_attempts_rips ... ok
test a_pin_alone_on_its_net_sorts_explicitly ... ok
test an_unrecognised_sorting_order_collapses_pins_with_equal_pin_index ... ok
test a_tie_on_the_selected_key_falls_through_to_pin_index_on_every_branch ... ok
test an_unrecognised_sorting_order_falls_back_to_pin_index ... ok
test fanout_escapes_every_smd_pin_of_the_corpus_board ... ignored
test equal_pin_index_and_an_equal_key_collapse_under_every_sorting_order ... ok
test escape_statistics_come_from_the_board_statistics_fanout_block ... ok
test pins_sort_by_the_selected_double_then_pin_index ... ok
test the_combined_via_rule_dedups_a_via_the_two_rules_share ... ok
test a_redeclared_via_rule_is_deduplicated_by_value ... ok
test the_combined_via_rule_holds_both_sources ... ok
test components_sort_by_pin_count_descending_then_id ... ok
test the_gravity_centre_is_the_mean_of_the_components_smd_pads ... ok
test targets_are_sorted_by_squared_midpoint_distance_stably ... ok
test two_components_collapse_only_if_they_share_a_pin_count_and_an_id ... ok
test a_net_with_one_pin_has_no_closest_distance ... ok
test a_component_with_no_net_carrying_smd_pin_is_not_in_the_set ... ok
test the_constructor_orders_a_real_boards_components_and_pins_like_the_jvm ... ok
test the_five_sorting_orders_do_not_all_agree_on_a_real_board ... ok
test a_net_class_keeps_its_detached_via_rule_when_a_rules_file_replaces_it ... ok

test result: ok. 20 passed; 0 failed; 1 ignored; 0 measured; 0 filtered out; finished in 0.01s

     Running tests/fanout_tie_break.rs (/Users/em/Development/freerouting/copperroute-congestion-study/target/debug/deps/fanout_tie_break-72bfbb179679419f)

running 1 test
test the_fanout_tie_break_matches_the_jar ... ok

test result: ok. 1 passed; 0 failed; 0 ignored; 0 measured; 0 filtered out; finished in 0.10s

     Running tests/fixtures.rs (/Users/em/Development/freerouting/copperroute-congestion-study/target/debug/deps/fixtures-e112cbc6f1b1fe42)

running 16 tests
test dac2020_bm01_one_pass_whole_board_leaves_at_most_57_incompletes ... ignored
test dac2020_bm01_pipeline_first_111_nets_leaves_at_most_134_incompletes ... ignored
test dac2020_bm01_pipeline_first_151_nets_leaves_at_most_126_incompletes ... ignored
test dac2020_bm01_pipeline_first_2_nets_leaves_at_most_194_incompletes ... ignored
test dac2020_bm01_pipeline_first_43_nets_leaves_at_most_161_incompletes ... ignored
test dac2020_bm01_pipeline_first_61_nets_leaves_at_most_147_incompletes ... ignored
test dac2020_bm01_pipeline_one_pass_leaves_at_most_71_incompletes ... ignored
test dac2020_bm01_pipeline_two_passes_leave_at_most_37_incompletes ... ignored
test ecc83_input_one_pass_leaves_no_incompletes ... ignored
test j2_reference_one_pass_leaves_at_most_seven_incompletes ... ignored
test j2_reference_pipeline_leaves_at_most_three_incompletes_and_under_sixty_drills ... ignored
test rpi_splitter_one_pass_leaves_at_most_two_incompletes ... ignored
test strict_drc_cnh_pipeline_adds_no_violations_beyond_the_sixteen_pre_existing ... ignored
test the_copper_to_edge_override_is_continuous ... ignored
test tutorial_board_has_no_connections_to_route ... ignored
test dac2020_bm01_one_pass_two_items_leaves_at_most_194_incompletes ... ok

test result: ok. 1 passed; 0 failed; 15 ignored; 0 measured; 0 filtered out; finished in 0.09s

     Running tests/forced_via.rs (/Users/em/Development/freerouting/copperroute-congestion-study/target/debug/deps/forced_via-6ada336b025bd2bf)

running 26 tests
test check_agrees_with_check_layer_where_the_via_fits_and_where_it_does_not ... ok
test calculate_from_side_agrees_with_the_jvm ... ok
test check_forced_pad_does_not_mutate_the_board ... ok
test check_layer_promotes_to_attach_smd_when_either_phase_does ... ok
test an_unmarked_changed_area_still_normalises ... ok
test check_layer_short_circuits_on_the_first_not_drillable ... ok
test calc_from_side_agrees_with_the_jvm ... ok
test drill_item_mover_check_answers_the_arm_task_nine_left_unimplemented ... ok
test forced_pad_shoves_a_foreign_via_and_reports_the_moved_items ... ok
test check_forced_pad_agrees_with_the_jvm_on_every_probe_row ... ok
test hole_check_shape_agrees_with_the_jvm ... ok
test check_layer_agrees_with_the_jvm_on_every_probe_row ... ok
test in_front_of_pad_is_asymmetric_in_a_and_b_at_from_side_zero ... ok
test in_front_of_pad_agrees_with_the_jvm_on_every_probe_row ... ok
test insert_on_an_unroutable_layer_returns_false_and_leaves_the_board_unchanged ... ok
test insert_splits_the_traces_it_crosses ... ok
test insert_stops_when_the_stop_check_trips ... ok
test kicad_smd_attachment_requires_explicit_permission_at_search_and_insertion ... ok
test calc_from_side_walks_javas_border_line_order ... ok
test forced_pad_agrees_with_the_jvm_on_every_probe_row ... ok
test check_layer_preserves_two_hundred_probes_with_one_nominal_clearance_difference ... ok
test drill_item_mover_shove_vias_and_insert_agree_with_the_jvm ... ok
test trace_shover_insert_agrees_with_the_jvm_on_every_probe_row ... ok
test forced_via_inserter_check_agrees_with_the_jvm_on_every_probe_row ... ok
test forced_via_inserter_insert_agrees_with_the_jvm_on_every_probe_row ... ok
test the_five_random_blocks_preserve_reviewed_nominal_clearance_results ... ok

test result: ok. 26 passed; 0 failed; 0 ignored; 0 measured; 0 filtered out; finished in 0.19s

     Running tests/insert_forced.rs (/Users/em/Development/freerouting/copperroute-congestion-study/target/debug/deps/insert_forced-25ae42e1577cabe8)

running 2 tests
test the_fixtures_shorten_closes_the_polyline_standalone ... ok
test a_degenerate_resample_skips_one_segment_not_the_connection ... ok

test result: ok. 2 passed; 0 failed; 0 ignored; 0 measured; 0 filtered out; finished in 0.00s

     Running tests/inserter.rs (/Users/em/Development/freerouting/copperroute-congestion-study/target/debug/deps/inserter-2da35de620c5ae21)

running 13 tests
test emit_the_around_port_golden ... ignored, generator: prints the port-lane golden for re-cutting
test emit_the_diag_port_golden ... ignored, generator: prints the port-lane golden for re-cutting
test a_null_last_corner_with_no_spanning_padstack_answers_none ... ok
test a_null_last_corner_panics_where_java_dereferences_it - should panic ... ok
test the_per_layer_width_fixture_really_has_two_different_widths ... ok
test the_port_lane_modes_still_differ_from_the_jar ... ok
test the_stub_takes_the_width_of_the_layer_it_lands_on ... ok
test a_two_pin_connection_produces_one_trace_with_corrected_geometry ... ok
test a_trace_target_reaches_connect_to_trace_and_normalize ... ok
test a_target_trace_the_connection_misses_gets_javas_connect_to_trace_stub ... ok
test the_long_way_round_inserts_the_reviewed_nominal_path ... ok
test a_refused_forced_via_check_answers_none_not_an_error ... ok
test a_layer_change_produces_a_via_at_javas_location_with_javas_padstack ... ok

test result: ok. 11 passed; 0 failed; 2 ignored; 0 measured; 0 filtered out; finished in 0.18s

     Running tests/item_route_result.rs (/Users/em/Development/freerouting/copperroute-congestion-study/target/debug/deps/item_route_result-67e06560cd6a114a)

running 6 tests
test compare_to_orders_by_incompletes_then_vias_then_length ... ok
test the_improvement_percentage_keeps_javas_integer_via_term ... ok
test improved_follows_the_penalty_alone ... ok
test the_reductions_are_before_minus_after ... ok
test update_improved_overrides_the_constructor ... ok
test the_unimproved_constructor_reports_one_new_incomplete ... ok

test result: ok. 6 passed; 0 failed; 0 ignored; 0 measured; 0 filtered out; finished in 0.00s

     Running tests/java_ports.rs (/Users/em/Development/freerouting/copperroute-congestion-study/target/debug/deps/java_ports-99669b0197be267e)

running 6 tests
test sorted_room_neighbours_factory_test::selects_45_degree_calculation_for_45_degree_search_tree ... ok
test maze_list_element_test::compare_to_returns_zero_for_same_instance ... ok
test sorted_room_neighbours_factory_test::selects_orthogonal_calculation_for_orthogonal_search_tree ... ok
test sorted_room_neighbours_factory_test::selects_any_angle_calculation_for_other_search_trees ... ok
test maze_list_element_test::compare_to_sorts_by_sorting_value ... ok
test routable_layers_safety_check_test::routing_fails_when_all_layers_disabled_current ... ok

test result: ok. 6 passed; 0 failed; 0 ignored; 0 measured; 0 filtered out; finished in 0.04s

     Running tests/locator.rs (/Users/em/Development/freerouting/copperroute-congestion-study/target/debug/deps/locator-def970cd1b7ee60e)

running 20 tests
test any_angle_does_not ... ok
test ninety_and_fortyfive_share_one_implementation ... ok
test the_additional_corner_of_every_regime_is_computed_correctly ... ok
test get_instance_answers_none_only_for_a_null_maze_result ... ok
test an_unexpected_destination_door_yields_an_empty_connection_with_the_start_fields_set ... ok
test a_single_room_connection_yields_one_trace_with_corrected_corners ... ok
test a_null_ripup_cost_map_still_fills_the_ripped_item_set ... ok
test a_ripped_obstacle_room_reaches_the_ripped_item_list_with_its_cost ... ok
test the_backtrack_walk_reproduces_the_jvms_door_chain ... ok
test a_start_door_that_is_not_a_target_door_yields_an_all_default_locator ... ok
test the_free_angle_simple_board_search_finds_nothing ... ok
test the_ripped_item_list_does_not_depend_on_the_angle_regime ... ok
test the_three_regimes_locate_three_different_corner_lists ... ok
test the_long_way_round_has_eight_expansion_doors_and_no_drill ... ok
test the_fanout_arm_is_reachable_and_ends_on_a_drill ... ok
test a_layer_change_yields_two_traces_and_no_via_entry ... ok
test the_long_way_round_matches_the_jvm_in_all_three_regimes ... ok
test the_reversed_search_reaches_the_left_turn_corner ... ok
test the_reversed_search_with_vias_splits_into_three_traces ... ok
test the_layer_change_splits_the_same_way_in_all_three_regimes ... ok

test result: ok. 20 passed; 0 failed; 0 ignored; 0 measured; 0 filtered out; finished in 0.17s

     Running tests/locator_any_angle.rs (/Users/em/Development/freerouting/copperroute-congestion-study/target/debug/deps/locator_any_angle-4db739cf031cc861)

running 1 test
test a_null_intersection_skips_the_correction_loop ... ok

test result: ok. 1 passed; 0 failed; 0 ignored; 0 measured; 0 filtered out; finished in 0.00s

     Running tests/maze_drills.rs (/Users/em/Development/freerouting/copperroute-congestion-study/target/debug/deps/maze_drills-3eeb9c7213bd048f)

running 12 tests
test a_shape_ending_on_a_page_boundary_reaches_the_next_page ... ok
test a_drill_page_element_costs_one_normal_via_and_keeps_the_room ... ok
test an_obstacle_via_room_expands_only_when_ripup_is_allowed_and_marks_the_element_ripped ... ok
test find_connection_answers_the_result_the_pop_loop_leaves_behind ... ok
test check_layer_with_any_matching_via_answers_javas_table ... ok
test find_connection_reaches_the_destination_door_in_four_pops ... ok
test the_control_carries_a_real_via_rule_and_the_start_ripup_costs ... ok
test a_free_space_drill_expands_to_the_other_layer_at_the_add_via_cost ... ok
test every_drill_of_the_page_whose_room_matches_is_expanded_once ... ok
test a_thin_room_refuses_a_drill_unless_the_backtrack_door_intersects_it ... ok
test a_drill_from_a_page_door_skips_the_via_cost_and_uses_the_pins_trace_exit_corner ... ok
test an_attach_smd_via_promotes_the_layer_and_the_via_mask_then_decides_the_span ... ok

test result: ok. 12 passed; 0 failed; 0 ignored; 0 measured; 0 filtered out; finished in 0.05s

     Running tests/maze_expand.rs (/Users/em/Development/freerouting/copperroute-congestion-study/target/debug/deps/maze_expand-1c6f7ec17ce72887)

running 17 tests
test a_stale_trace_index_is_refused_silently_by_the_shover ... ok
test an_inactive_layer_is_never_expanded_into ... ok
test an_already_checked_ripped_parent_propagates_room_ripped_but_not_the_cost ... ok
test a_two_dimensional_link_door_takes_javas_other_shove_branch ... ok
test a_stale_tree_entry_is_skipped_silently ... ok
test a_start_pin_neckdown_does_not_shrink_a_pass_through_trace ... ok
test room_shape_is_thick_at_the_compensated_half_width_boundary ... ok
test an_occupied_section_and_a_null_shape_entry_are_both_refused ... ok
test shove_trace_room_does_not_mutate_the_board ... ok
test the_door_list_is_snapshotted_after_completing_neighbours ... ok
test a_small_door_refuses_the_whole_round ... ok
test the_shover_answers_javas_table_over_the_three_trace_segments ... ok
test the_bend_penalty_fires_exactly_above_sin_squared_one_percent ... ok
test the_first_pop_expands_the_start_room_through_every_door_of_it ... ok
test the_second_pop_into_a_thin_room_expands_nothing ... ok
test room_ripped_and_the_ripup_cost_follow_add_costs_and_the_adjustment ... ok
test the_neckdown_call_sites_narrow_the_half_width_for_the_whole_round ... ok

test result: ok. 17 passed; 0 failed; 0 ignored; 0 measured; 0 filtered out; finished in 0.01s

     Running tests/maze_list_element.rs (/Users/em/Development/freerouting/copperroute-congestion-study/target/debug/deps/maze_list_element-44905f2bd4d3cf58)

running 5 tests
test pop_first_walks_the_queue_in_sorting_value_order ... ok
test the_four_tie_breaks_are_taken_in_javas_order ... ok
test two_paths_at_the_same_cost_are_both_kept ... ok
test a_non_finite_sorting_value_is_refused_at_add ... ok
test interleaved_pops_and_pushes_keep_the_tree_sorted ... ok

test result: ok. 5 passed; 0 failed; 0 ignored; 0 measured; 0 filtered out; finished in 0.03s

     Running tests/maze_queue.rs (/Users/em/Development/freerouting/copperroute-congestion-study/target/debug/deps/maze_queue-900705835c58838b)

running 5 tests
test both_windows_apply_to_a_drill_on_the_start_layer ... ok
test the_max_escape_window_refuses_a_far_entry_on_the_start_layer ... ok
test the_min_escape_window_refuses_a_near_drill ... ok
test the_queue_sorts_and_pops_through_the_engines_door_ids ... ok
test without_fanout_the_window_is_not_consulted_at_all ... ok

test result: ok. 5 passed; 0 failed; 0 ignored; 0 measured; 0 filtered out; finished in 0.00s

     Running tests/maze_search.rs (/Users/em/Development/freerouting/copperroute-congestion-study/target/debug/deps/maze_search-54b64257d9fff713)

running 16 tests
test find_connection_answers_none_when_the_queue_is_empty ... ok
test door_is_small_answers_false_for_a_two_dimensional_door_onto_an_obstacle_room ... ok
test init_creates_the_start_rooms_in_javas_descending_item_order ... ok
test init_returns_none_when_no_start_door_exists ... ok
test an_empty_queue_makes_get_instance_answer_none ... ok
test an_already_occupied_section_is_skipped_without_expanding ... ok
test reduce_trace_shapes_at_tie_pins_cuts_only_the_foreign_net_contact ... ok
test segment_projection_matches_the_jvm ... ok
test the_boards_item_ids_are_the_probes ... ok
test the_queue_pops_the_lowest_sorting_value_and_removes_it ... ok
test to_impacted_points_rounds_both_ends_and_passes_null_through ... ok
test init_walks_the_start_set_in_javas_descending_item_order ... ok
test the_pop_loops_stop_check_aborts_before_the_queue_is_touched ... ok
test door_is_small_matches_the_three_angle_restrictions ... ok
test init_seeds_one_element_per_non_destination_target_door ... ok
test each_of_the_four_init_stop_sites_aborts_where_java_does ... ok

test result: ok. 16 passed; 0 failed; 0 ignored; 0 measured; 0 filtered out; finished in 0.00s

     Running tests/opt_changed_area.rs (/Users/em/Development/freerouting/copperroute-congestion-study/target/debug/deps/opt_changed_area-75d2caffbb96cd9e)

running 12 tests
test a_null_changed_area_returns_immediately ... ok
test an_empty_clip_shape_skips_the_tightener_but_still_clears_the_area ... ok
test the_id_shift_moves_ids_and_nothing_else ... ok
test the_enlarge_offset_is_javas_formula ... ok
test the_item_loop_does_not_break_after_a_plain_pull_tight ... ok
test the_changed_area_is_cleared_after_the_sweep ... ok
test a_tripped_stop_check_returns_mid_sweep_leaving_the_rest_untightened ... ok
test the_layer_region_is_emptied_before_the_work ... ok
test a_none_clip_shape_runs_the_branch ... ok
test offering_trace_costs_does_not_change_the_trace_arms ... ok
test the_budget_trips_the_sweep ... ok
test the_whole_sweep_matches_the_expected_real_board_transcripts ... ok

test result: ok. 12 passed; 0 failed; 0 ignored; 0 measured; 0 filtered out; finished in 2.68s

     Running tests/optimizer.rs (/Users/em/Development/freerouting/copperroute-congestion-study/target/debug/deps/optimizer-b11ed03acdb67b07)

running 21 tests
test an_auto_router_only_stop_still_runs_the_optimizer ... ignored
test consecutive_failures_break_the_pass ... ignored
test the_five_named_algorithm_members_are_javas_literals ... ok
test normalize_algorithm_always_answers_the_optimizers_id ... ok
test the_improvement_recomputation_disagrees_with_the_scorecard_field ... ok
test the_increased_ripup_costs_are_dropped_after_one_non_improving_pass ... ok
test the_improvement_flag_is_a_bool ... ok
test the_optimizer_stage_is_pinned_on_the_routed_rpi ... ignored
test the_pass_improvement_is_zero_when_the_cost_before_is_not_positive ... ok
test the_recomputation_guard_answers_zero_and_so_reads_as_no_improvement ... ok
test the_route_work_budget_bounds_only_incomplete_board_routing ... ok
test an_all_stop_disables_this_stage ... ok
test the_jobs_deadline_ends_the_optimizer_stage ... ok
test the_stage_clock_never_writes_the_jobs_state ... ok
test the_stage_deadline_times_out_without_touching_the_stop_flag ... ok
test the_stage_scoped_stop_does_not_leak_into_the_router ... ok
test a_board_with_nothing_to_route_exits_before_the_first_pass ... ok
test an_auto_router_only_stop_does_not_disable_this_stage ... ok
test no_timeout_string_means_no_deadline ... ok
test passes_alternate_preferred_directions ... ok
test every_optimizer_item_polls_the_job_deadline ... ok

test result: ok. 18 passed; 0 failed; 3 ignored; 0 measured; 0 filtered out; finished in 0.01s

     Running tests/optimizer_items.rs (/Users/em/Development/freerouting/copperroute-congestion-study/target/debug/deps/optimizer_items-78f99feb06ba0bd8)

running 22 tests
test a_shove_fixed_via_is_still_returned ... ok
test a_via_wins_a_tie_with_a_trace_at_the_same_coordinate ... ok
test a_user_fixed_via_and_a_shove_fixed_trace_are_skipped ... ok
test a_trace_one_unit_below_the_via_wins ... ok
test a_removed_item_is_simply_not_seen_again ... ok
test a_trace_is_keyed_on_its_larger_endpoint ... ok
test an_exhausted_search_budget_restores_the_speculative_item ... ignored
test an_unimproved_item_restores_the_clone_byte_for_byte ... ignored
test an_exhausted_reader_parks_the_cursor_at_the_maximum ... ok
test a_trace_touching_an_unfixed_via_is_skipped_and_a_user_fixed_one_does_not_veto ... ok
test a_user_fixed_contact_never_reaches_the_ripped_connections ... ok
test contains_only_unfixed_traces_answers_javas_three_cases ... ok
test the_item_sequence_is_the_ports_own ... ignored
test the_fresh_cursor_is_the_int_extremes ... ok
test the_real_route_work_accumulator_charges_incomplete_count_times_passes ... ignored
test the_real_route_work_accumulator_charges_zero_on_a_complete_board ... ignored
test the_layer_is_the_third_comparison_key ... ok
test the_trace_ripup_cost_factor_is_rounded_half_away_from_zero ... ok
test the_optimizer_autorouter_always_removes_unconnected_vias ... ok
test the_rescan_sees_items_the_previous_call_moved ... ok
test optimizer_search_work_is_bounded_unless_explicitly_disabled ... ok
test get_current_position_is_none_until_a_pass_starts ... ok

test result: ok. 17 passed; 0 failed; 5 ignored; 0 measured; 0 filtered out; finished in 0.00s

     Running tests/optimizer_plane_gate.rs (/Users/em/Development/freerouting/copperroute-congestion-study/target/debug/deps/optimizer_plane_gate-ca77578b508c6ec5)

running 1 test
test the_optimizer_keeps_a_detour_whose_shortcut_would_cut_a_pad_off_the_pour ... ok

test result: ok. 1 passed; 0 failed; 0 ignored; 0 measured; 0 filtered out; finished in 0.13s

     Running tests/pass_runner.rs (/Users/em/Development/freerouting/copperroute-congestion-study/target/debug/deps/pass_runner-1a14ecf5b592f36f)

running 14 tests
test calculate_airline_takes_the_closest_drill_item_pair ... ok
test an_empty_item_list_returns_false_without_touching_the_board ... ok
test calculate_airline_answers_none_when_either_side_has_no_drill_item ... ok
test only_a_non_routable_connectable_item_is_a_candidate ... ok
test a_plane_net_with_a_conduction_area_is_skipped ... ok
test the_failure_log_records_what_java_records ... ok
test an_item_with_ignored_nets_is_skipped ... ok
test a_panicking_item_ends_the_pass_and_returns_an_error ... ok
test the_pass_ends_with_remove_tails ... ok
test the_inner_index_is_the_qualifying_net ... ok
test an_auto_router_only_stop_ends_the_item_loop ... ok
test max_items_requests_stop_auto_router ... ok
test the_pass_writes_the_failure_log ... ok
test a_two_net_item_is_routed_once_per_qualifying_net ... ok

test result: ok. 14 passed; 0 failed; 0 ignored; 0 measured; 0 filtered out; finished in 0.00s

     Running tests/pipeline.rs (/Users/em/Development/freerouting/copperroute-congestion-study/target/debug/deps/pipeline-42290e0d9fef5441)

running 15 tests
test a_job_deadline_during_fanout_returns_a_timed_out_board ... ignored
test a_recording_sink_sees_the_stage_events_in_javas_order ... ignored
test a_rules_file_board_edge_clearance_survives_the_project_floor_at_pipeline_entry ... ignored
test neither_routing_limit_skips_the_optimizer_stage ... ignored
test an_empty_board_errors_with_no_routable_layer ... ok
test the_fanout_only_mode_sets_max_passes_to_zero_and_leaves_the_callers_settings_untouched ... ignored
test the_unrouted_report_lists_airlines_in_getallairlines_order ... ignored
test two_runs_of_the_same_board_are_identical ... ignored
test expired_fanout_does_not_count_an_autorouter_pass ... ok
test cancellation_during_a_pass_is_not_reported_as_finished ... ok
test pass_panic_is_a_pipeline_error ... ok
test routing_honors_pad_mask_rules_attached_after_load ... ok
test routing_honors_project_hole_clearance_attached_after_load ... ok
test fanout_frames_identify_their_stage_and_pass ... ok
test a_single_pass_limit_reports_one_pass ... ok

test result: ok. 8 passed; 0 failed; 7 ignored; 0 measured; 0 filtered out; finished in 0.02s

     Running tests/reference_parity.rs (/Users/em/Development/freerouting/copperroute-congestion-study/target/debug/deps/reference_parity-febf44a3d5876824)

running 6 tests
test router_dac2020_bm01 ... ignored
test router_dac2020_bm01_pass2 ... ignored
test steps_one_to_eight_on_dac2020_at_pass_two_matches_the_jar ... ignored
test steps_one_to_eight_on_dac2020_matches_the_jar ... ignored
test router_rpi_splitter ... ok
test router_tutorial_board ... ok

test result: ok. 2 passed; 0 failed; 4 ignored; 0 measured; 0 filtered out; finished in 1.09s

     Running tests/ripup.rs (/Users/em/Development/freerouting/copperroute-congestion-study/target/debug/deps/ripup-a7893b47315428ec)

running 9 tests
test the_fanout_via_cost_factor_answers_javas_table ... ok
test the_detour_is_memoised_through_the_item_autoroute_info ... ok
test the_fanout_protection_and_the_fanout_control_change_the_price ... ok
test an_unroutable_obstacle_and_a_small_door_are_both_refused ... ok
test the_cost_is_clamped_to_max_int_over_one_hundred ... ok
test pass_four_randomises_and_pass_six_does_not ... ok
test the_small_door_check_answers_javas_table_over_every_completed_door ... ok
test a_trace_ripup_costs_the_ripup_cost_times_the_half_width_over_the_detour ... ok
test a_via_cost_factor_scales_with_its_contact_count ... ok

test result: ok. 9 passed; 0 failed; 0 ignored; 0 measured; 0 filtered out; finished in 0.01s

     Running tests/routing_cost.rs (/Users/em/Development/freerouting/copperroute-congestion-study/target/debug/deps/routing_cost-9bcc6d179ee2950d)

running 14 tests
test a_fully_routed_board_still_gets_an_optimizer_pass ... ignored
test the_history_ranks_boards_by_penalty_ascending ... ignored
test the_job_deadline_ends_the_optimizer_stage_on_a_routed_board ... ignored
test the_optimizers_carried_incomplete_counts_match_a_full_count ... ignored, routes rpi_splitter; run with --release
test an_item_result_improves_when_its_penalty_falls ... ok
test only_a_zero_cost_board_has_nothing_to_improve ... ok
test the_statistics_incomplete_count_is_the_drc_incomplete_count ... ignored
test the_routing_penalty_adds_incompletes_and_violations_at_the_scores_weights ... ok
test a_via_the_f32_score_cannot_see_moves_the_penalty ... ok
test the_search_stop_check_sees_an_expired_job_deadline_without_a_poll ... ok
test the_routing_cost_is_the_scores_cost_term ... ok
test a_non_improving_pass_still_drops_the_increased_ripup_costs_once ... ok
test the_pass_improvement_is_the_relative_cost_reduction ... ok
test the_routing_decision_statistics_skip_the_fanout_census ... ok

test result: ok. 9 passed; 0 failed; 5 ignored; 0 measured; 0 filtered out; finished in 0.01s

     Running tests/score.rs (/Users/em/Development/freerouting/copperroute-congestion-study/target/debug/deps/score-0698e3f7c0ff83b4)

running 8 tests
test normalized_score_matches_the_jvm_on_the_routed_stems ... ignored
test float_narrowing_produces_the_expected_bit_patterns ... ok
test a_pin_unconnected_on_its_second_net_needs_an_escape ... ok
test the_connection_counters_are_fr_drcs_own ... ok
test the_unit_normalisation_uses_the_resolution_guard ... ok
test a_shove_fixed_trace_is_weighted_at_half ... ok
test an_empty_board_scores_zero_not_nan ... ok
test normalized_score_matches_the_jvm_on_the_unrouted_stems ... ok

test result: ok. 7 passed; 0 failed; 1 ignored; 0 measured; 0 filtered out; finished in 1.41s

     Running tests/shove.rs (/Users/em/Development/freerouting/copperroute-congestion-study/target/debug/deps/shove-4a0cec21c697734d)

running 2 tests
test a_failed_via_shove_names_its_own_obstacle ... ok
test the_failing_obstacle_is_cleared_on_entry ... ok

test result: ok. 2 passed; 0 failed; 0 ignored; 0 measured; 0 filtered out; finished in 0.00s

     Running tests/shove_revalidation.rs (/Users/em/Development/freerouting/copperroute-congestion-study/target/debug/deps/shove_revalidation-796069c9b2bc767a)

running 4 tests

running 1 test

running 1 test

running 1 test

running 1 test
test clear_multisegment_prefix_remains_routable ... ok

test result: ok. 1 passed; 0 failed; 0 ignored; 0 measured; 3 filtered out; finished in 1.67s

test clear_multisegment_prefix_remains_routable ... ok
test captured_forced_polyline_must_not_short_another_net ... ok

test result: ok. 1 passed; 0 failed; 0 ignored; 0 measured; 3 filtered out; finished in 1.82s

test captured_forced_polyline_must_not_short_another_net ... ok
test corridor_guidance_also_revalidates_paths ... ok

test result: ok. 1 passed; 0 failed; 0 ignored; 0 measured; 3 filtered out; finished in 1.82s

test corridor_guidance_also_revalidates_paths ... ok
test default_corridor_guidance_revalidates_paths ... ok

test result: ok. 1 passed; 0 failed; 0 ignored; 0 measured; 3 filtered out; finished in 1.83s

test default_corridor_guidance_revalidates_paths ... ok

test result: ok. 4 passed; 0 failed; 0 ignored; 0 measured; 0 filtered out; finished in 1.83s

     Running tests/skeleton.rs (/Users/em/Development/freerouting/copperroute-congestion-study/target/debug/deps/skeleton-95adcb22b8a79dc5)

running 9 tests
test arena_default_is_empty ... ok
test arena_hands_out_dense_indices_and_reads_them_back ... ok
test arena_iter_skips_holes_and_yields_ascending_indices ... ok
test arena_remove_leaves_a_hole_and_the_index_is_never_reused ... ok
test attempt_result_mirrors_javas_two_constructors ... ok
test attempt_result_equality_is_state_plus_details ... ok
test attempt_result_to_string_is_javas_to_string ... ok
test attempt_state_is_javas_declaration_order ... ok
test expansion_cost_factor_is_the_one_from_fr_settings ... ok

test result: ok. 9 passed; 0 failed; 0 ignored; 0 measured; 0 filtered out; finished in 0.00s

     Running tests/sorted_neighbours.rs (/Users/em/Development/freerouting/copperroute-congestion-study/target/debug/deps/sorted_neighbours-9268533725aa6372)

running 11 tests
test a_tie_on_geometry_no_longer_drops_the_neighbour ... ok
test a_room_id_is_never_subtracted_from_an_item_id ... ok
test five_neighbours_at_one_corner_are_all_kept_and_sort ... ok
test remove_all_doors_unlinks_both_sides_and_drops_incomplete_neighbours ... ok
test a_room_bearing_tree_answers_queries_through_the_room_lookup ... ok
test a_two_dimensional_overlap_yields_an_overlap_door_between_obstacle_rooms ... ok
test a_corner_touch_is_recorded_with_both_corner_flags_and_yields_no_door ... ok
test one_neighbour_yields_one_door ... ok
test calculate_new_incomplete_rooms_terminates_on_the_pinned_trigger ... ok
test a_non_obstacle_of_the_routed_net_is_deferred_to_the_own_net_list ... ok
test the_neighbour_comparator_is_a_total_order ... ok

test result: ok. 11 passed; 0 failed; 0 ignored; 0 measured; 0 filtered out; finished in 0.11s

     Running tests/sorted_neighbours_regimes.rs (/Users/em/Development/freerouting/copperroute-congestion-study/target/debug/deps/sorted_neighbours_regimes-f5efddbf209bdce6)

running 10 tests
test identical_geometry_and_a_colliding_id_still_drops_a_neighbour ... ok
test a_two_dimensional_overlap_is_an_orthogonal_neighbour_with_a_two_dimensional_door ... ok
test a_two_dimensional_overlap_is_a_45_degree_neighbour_with_a_two_dimensional_door ... ok
test the_45_degree_sorter_matches_the_p6t3_script ... ok
test an_eight_sided_obstacle_room_gets_eight_doors ... ok
test an_orthogonal_obstacle_room_with_no_neighbours_gets_one_room_per_board_side ... ok
test an_own_net_object_becomes_a_target_door_inside_the_neighbour_loop ... ok
test the_three_regimes_disagree_on_the_same_room ... ok
test the_orthogonal_sorter_matches_the_p6t3_script ... ok
test both_regime_comparators_are_total_orders_where_the_base_class_is_not ... ok

test result: ok. 10 passed; 0 failed; 0 ignored; 0 measured; 0 filtered out; finished in 0.00s

     Running tests/stale_index.rs (/Users/em/Development/freerouting/copperroute-congestion-study/target/debug/deps/stale_index-90a9fc58af22f8b7)

running 6 tests
test a_shortened_trace_makes_a_recorded_index_stale_and_clears_the_array_that_held_it ... ignored, needs a routed board; run with COPPERROUTE_SLOW=1 --release
test instrumentation_changes_no_board_byte ... ignored, slow in debug; run with COPPERROUTE_SLOW=1 --release for all eight stems
test the_three_guards_are_counted_on_every_router_stem ... ignored, slow in debug; run with COPPERROUTE_SLOW=1 --release for all eight stems
test the_stem_table_matches_the_fixture_file ... ok
test the_tie_pin_reduction_fires_on_a_genuine_tie_pin ... ok
test the_tie_pin_reduction_keys_on_the_net_and_on_the_pin_being_a_tie ... ok

test result: ok. 3 passed; 0 failed; 3 ignored; 0 measured; 0 filtered out; finished in 0.00s

     Running tests/stop_and_progress.rs (/Users/em/Development/freerouting/copperroute-congestion-study/target/debug/deps/stop_and_progress-fe16c34cdfad14d1)

running 23 tests
test max_items_optimises_like_max_passes ... ignored
test a_pass_record_is_a_plain_six_field_value ... ok
test a_zero_opt_changed_area_budget_is_javas_no_limit ... ok
test a_sink_can_live_behind_a_refcell ... ok
test resetting_the_throttler_arms_the_next_call ... ok
test a_stop_without_a_deadline_never_times_out ... ok
test the_board_update_gate_is_strict_where_the_progress_gate_is_not ... ok
test the_budget_builds_both_gates ... ok
test request_stop_auto_router_does_not_downgrade_all ... ok
test max_items_stops_all_and_max_passes_stops_the_router_only ... ok
test the_disabled_budget_turns_every_wall_clock_off ... ok
test the_noop_sink_swallows_every_event ... ok
test the_ports_default_budget_departs_from_java_in_exactly_one_field ... ok
test the_progress_throttler_gates_on_its_interval ... ok
test router_counters_field_list_matches_java ... ok
test the_java_literal_budget_carries_javas_four_literals ... ok
test the_two_queries_match_the_jvm_in_every_state ... ok
test the_enum_variant_lists_match_the_jvm ... ok
test the_transition_table_matches_the_jvm ... ok
test the_deadline_requests_stop_all_like_the_monitor_thread ... ok
test the_opt_changed_area_budget_trips_and_disabling_it_removes_the_trip ... ok
test an_unexpired_deadline_is_invisible ... ok
test a_recording_sink_changes_no_board_byte ... ok

test result: ok. 22 passed; 0 failed; 1 ignored; 0 measured; 0 filtered out; finished in 0.13s

     Running tests/strict_drc.rs (/Users/em/Development/freerouting/copperroute-congestion-study/target/debug/deps/strict_drc-39452dffb9b985f9)

running 3 tests
test rips_new_items_when_they_carry_violations ... ok
test keeps_connections_whose_new_items_are_clean ... ok
test a_rejected_connection_restores_the_pre_route_board_exactly ... ok

test result: ok. 3 passed; 0 failed; 0 ignored; 0 measured; 0 filtered out; finished in 0.94s

     Running tests/tightener.rs (/Users/em/Development/freerouting/copperroute-congestion-study/target/debug/deps/tightener-fc766391a6990da2)

running 22 tests
test get_instance_clamps_min_translate_dist_at_one_hundred ... ok
test get_instance_dispatches_on_the_board_angle_restriction ... ok
test inst_mode_matches_the_jvm ... ok
test ninety_degree_regime_matches_the_jvm ... ok
test pull_tight_honours_the_net_class_flag ... ok
test pull_tight_refuses_a_shove_fixed_a_filtered_and_a_removed_trace ... ok
test pull_tight_stops_when_the_stop_check_trips ... ok
test pin_edge_branch_matches_the_jvm ... ok
test lineeq_mode_matches_the_jvm ... ok
test any_angle_regime_matches_the_jvm ... ok
test reposition_line_uses_geometric_line_equality ... ok
test polyline_trace_pull_tight_matches_the_jvm ... ok
test smoothen_end_corners_stops_when_the_stop_check_trips ... ok
test split_traces_at_keep_point_splits_only_with_a_keep_point ... ok
test the_ninety_degree_regime_never_smoothens_an_end_corner ... ok
test forty_five_degree_regime_matches_reviewed_nominal_clearance ... ok
test the_start_corner_contact_is_chosen_by_geometry ... ok
test the_port_lane_modes_still_differ_from_the_jar ... ok
test smoothen_end_corners_at_trace_matches_the_jvm ... ok
test random_block_matches_reviewed_nominal_clearance_in_the_forty_five_degree_regime ... ok
test random_block_matches_reviewed_nominal_clearance_in_the_ninety_degree_regime ... ok
test random_block_matches_reviewed_nominal_clearance_in_the_any_angle_regime ... ok

test result: ok. 22 passed; 0 failed; 0 ignored; 0 measured; 0 filtered out; finished in 0.19s

     Running tests/tree_ext.rs (/Users/em/Development/freerouting/copperroute-congestion-study/target/debug/deps/tree_ext-852ca9d62156adc9)

running 12 tests
test divide_large_room_splits_at_the_board_bounds ... ok
test an_obstacle_fully_containing_the_seed_returns_nothing ... ok
test an_empty_board_returns_the_seed_room_unchanged ... ok
test an_octagon_obstacle_restrains_the_45_degree_room_on_a_diagonal ... ok
test the_45_degree_override_is_not_the_base_algorithm ... ok
test the_90_degree_override_splits_around_a_straddling_obstacle ... ok
test the_90_degree_override_never_calls_divide_large_room ... ok
test the_ninety_degree_override_keeps_the_room_it_ignores_by_shape ... ok
test the_90_degree_regime_matches_the_p6t2_script ... ok
test the_45_degree_regime_matches_the_p6t2_script ... ok
test the_base_regime_matches_the_p6t2_script ... ok
test the_ninety_degree_fixture_routes_and_every_segment_is_axis_aligned ... ok

test result: ok. 12 passed; 0 failed; 0 ignored; 0 measured; 0 filtered out; finished in 0.06s

     Running tests/via_optimizer.rs (/Users/em/Development/freerouting/copperroute-congestion-study/target/debug/deps/via_optimizer-f7850325a889e71f)

running 9 tests
test the_id_split_finds_ids_and_nothing_else ... ok
test the_two_guards_refuse_before_touching_the_board ... ok
test fanout_via_does_not_report_a_move_that_rounds_to_its_current_location ... ok
test reposition_via_respects_the_boards_angle_restriction ... ok
test a_one_contact_via_moves_and_two_contacts_refuse_plane_optimization ... ok
test the_routed_prefix_contacts_match_reviewed_dispatch_cases ... ok
test a_refused_move_leaves_the_board_byte_identical ... ok
test reviewed_routed_prefixes_keep_documented_java_divergences ... ok
test the_optimizer_matches_reviewed_routed_prefixes ... ok

test result: ok. 9 passed; 0 failed; 0 ignored; 0 measured; 0 filtered out; finished in 1.22s

     Running tests/via_optimizer_reposition.rs (/Users/em/Development/freerouting/copperroute-congestion-study/target/debug/deps/via_optimizer_reposition-76637ed308990d68)

running 7 tests
test overload_b_is_reached_only_from_c ... ok
test a_one_contact_via_takes_overload_a ... ok
test overload_b_matches_nominal_routing_on_every_scripted_candidate ... ok
test overload_c_matches_nominal_routing_on_every_cost_pair ... ok
test overload_a_matches_nominal_routing_on_every_scripted_target ... ok
test the_general_case_never_returns_a_diagonal_move_under_ninety_degree_restriction ... ok
test the_general_case_leaves_the_board_untouched_when_no_candidate_improves ... ok

test result: ok. 7 passed; 0 failed; 0 ignored; 0 measured; 0 filtered out; finished in 0.54s

     Running unittests src/lib.rs (/Users/em/Development/freerouting/copperroute-congestion-study/target/debug/deps/copper_settings-7e9f96f2ca99d990)

running 28 tests
test host::tests::detect_reports_at_least_one_processor ... ok
test host::tests::default_max_threads_matches_java_formula ... ok
test merger::tests::constructor_collapses_duplicate_kinds_like_add_or_replace ... ok
test copy_fields::tests::board_specific_flag_is_never_copied ... ok
test field_path::tests::split_dropping_trailing_empty_matches_java ... ok
test field_path::tests::snake_to_lower_camel_matches_java ... ok
test merger::tests::empty_merger_returns_a_blank_without_validating ... ok
test field_path::tests::the_no_annotation_sentinel_never_matches ... ok
test resolve::tests::scheduler_rules_path_probes_are_injectable ... ok
test field_path::tests::private_fields_are_settable ... ok
test router_settings::tests::out_of_range_trace_cost_setter_does_not_set_the_applied_flag ... ok
test router_settings::tests::duplicate_carries_the_applied_flag ... ok
test router_settings::tests::set_layer_count_resets_applied_flag ... ok
test router_settings::tests::set_layer_count_rewipes_costs_but_keeps_the_applied_flag ... ok
test resolve::tests::the_first_board_layer_count_discards_a_mis_sized_layer_array ... ok
test resolve::tests::a_rules_file_is_parsed_twice_against_two_layer_structures ... ok
test resolve::tests::the_first_board_pass_closes_the_direction_channel ... ok
test resolve::tests::adjacent_rules_reach_only_the_fields_merge_one_left_null ... ok
test resolve::tests::the_first_board_optimization_pass_leaves_no_trace_in_the_final_result ... ok
test resolve::tests::a_rules_file_source_drives_the_same_answer ... ok
test sources::json_file::tests::a_document_that_is_not_an_object_is_swallowed_too ... ok
test sources::json_file::tests::a_missing_file_is_an_empty_router_settings_and_not_an_error ... ok
test sources::json_file::tests::a_router_object_the_reader_rejects_is_swallowed ... ok
test sources::json_file::tests::a_parse_failure_is_swallowed_into_an_empty_router_settings ... ok
test sources::json_file::tests::a_document_with_no_router_key_is_empty_and_silent ... ok
test sources::json_file::tests::a_router_key_that_is_not_an_object_is_empty_and_silent ... ok
test sources::json_file::tests::only_the_keys_the_router_object_names_are_set ... ok
test sources::json_file::tests::priority_and_source_name_are_javas ... ok

test result: ok. 28 passed; 0 failed; 0 ignored; 0 measured; 0 filtered out; finished in 0.00s

     Running tests/board_optimizations.rs (/Users/em/Development/freerouting/copperroute-congestion-study/target/debug/deps/board_optimizations-4ac53a37ad9dcd1e)

running 15 tests
test a_short_layer_array_is_grown_by_index_and_keeps_its_entries ... ok
test a_merged_settings_object_loses_the_flag_and_is_retuned ... ok
test apply_board_specific_optimizations_preserves_settings ... ok
test apply_board_specific_optimizations_if_needed_runs_when_layer_count_mismatch ... ok
test absent_bend_costs_take_the_default_unclamped ... ok
test apply_board_specific_optimizations_initializes_trace_costs_once ... ok
test apply_board_specific_optimizations_if_needed_skips_when_already_board_tuned ... ok
test a_wrong_length_cost_array_re_initializes_costs_even_when_the_flag_is_set ... ok
test apply_board_specific_optimizations_preserves_user_trace_costs_on_second_call ... ok
test if_needed_re_tunes_on_a_layer_count_mismatch_even_when_the_flag_is_set ... ok
test outer_layer_bonus_on_a_four_signal_layer_board ... ok
test non_signal_layers_are_forced_unroutable_and_do_not_toggle_the_direction ... ok
test jvm_golden_issue026_j2_reference ... ok
test jvm_golden_issue143_rpi_splitter ... ok
test jvm_golden_issue145_smoothieboard ... ok

test result: ok. 15 passed; 0 failed; 0 ignored; 0 measured; 0 filtered out; finished in 0.20s

     Running tests/cli_source.rs (/Users/em/Development/freerouting/copperroute-congestion-study/target/debug/deps/cli_source-d49709403a0e97f4)

running 32 tests
test a_long_option_without_an_equals_sign_is_skipped ... ok
test a_malformed_number_skips_the_flag_without_aborting_the_parse ... ok
test an_empty_router_enabled_argument_still_counts_as_explicit ... ok
test a_long_option_outside_the_router_namespace_is_ignored ... ok
test a_long_option_reaches_the_router_settings ... ok
test a_short_flag_consumes_a_value_only_when_it_does_not_start_with_a_dash ... ok
test a_nested_long_option_is_applied_under_the_stripped_prefix ... ok
test an_explicit_router_enabled_argument_beats_the_batch_mode_forcing ... ok
test a_router_long_option_writes_the_dead_bridge_too ... ok
test de_alone_does_not_force_the_router_on ... ok
test cli_can_disable_the_router_and_the_optimizer ... ok
test de_drops_an_unknown_extension_rather_than_guessing ... ok
test de_entries_are_trimmed ... ok
test de_is_prefix_matched_and_never_double_dashed ... ok
test de_classification_matrix ... ok
test de_json_is_design_input_until_a_dsn_appears ... ok
test de_plus_do_forces_the_router_on_over_a_lower_priority_false ... ok
test drc_switches_to_drc_only_mode_before_it_looks_for_a_value ... ok
test inc_splits_without_trimming ... ok
test legacy_bridge_is_dead ... ok
test legacy_bridge_matches_flags_by_prefix ... ok
test mp_decodes_on_the_bridge_and_parses_on_the_cli_path ... ok
test mt_clamps_are_asymmetrically_reachable ... ok
test oit_divides_before_it_clamps ... ok
test mt_feeds_two_fields_with_different_clamps ... ok
test only_mp_and_mt_map_to_a_property ... ok
test priority_and_source_name ... ok
test routable_layers_do_not_disable_the_router ... ok
test the_java_exact_constructor_ignores_set_the_way_the_jar_does ... ok
test de_takes_an_existing_path_verbatim_even_with_a_plus_in_it ... ok
test us_and_is_never_reject_a_value ... ok
test the_set_alias_is_exactly_the_dotted_spelling ... ok

test result: ok. 32 passed; 0 failed; 0 ignored; 0 measured; 0 filtered out; finished in 0.00s

     Running tests/copy_fields.rs (/Users/em/Development/freerouting/copperroute-congestion-study/target/debug/deps/copy_fields-81aeefc280163aa9)

running 22 tests
test design_rules_checker_settings_table_covers_every_field ... ok
test enums_are_copied_by_name ... ok
test errors_never_abort ... ok
test fanout_settings_table_covers_every_field ... ok
test absent_source_fields_are_not_copied ... ok
test debug_settings_primitive_defaults_are_suppressed ... ok
test debug_settings_table_covers_every_field ... ok
test empty_object_array_leaves_a_null_target_null ... ok
test fill_absent_from_only_fills_absent_fields ... ok
test fill_absent_grows_a_short_object_array_without_discarding_it ... ok
test ignore_net_classes_follows_the_same_rule ... ok
test layer_settings_table_covers_every_field ... ok
test layers_array_not_shrunk_on_merge ... ok
test merge_layers_array ... ok
test nested_objects_recurse_and_instantiate ... ok
test object_array_count_is_source_length ... ok
test optimizer_settings_table_covers_every_field ... ok
test primitive_arrays_are_first_writer_wins ... ok
test primitive_false_does_not_copy ... ok
test router_settings_table_covers_every_field ... ok
test scalars_wrappers_and_strings_copy ... ok
test scoring_settings_table_covers_every_field ... ok

test result: ok. 22 passed; 0 failed; 0 ignored; 0 measured; 0 filtered out; finished in 0.00s

     Running tests/corpus.rs (/Users/em/Development/freerouting/copperroute-congestion-study/target/debug/deps/corpus-7b6140b48cdfc802)

running 2 tests
test rules_file_settings_reads_every_fixture_without_panicking ... ignored
test dsn_file_settings_reads_every_fixture_without_panicking ... ok

test result: ok. 1 passed; 0 failed; 1 ignored; 0 measured; 0 filtered out; finished in 2.58s

     Running tests/env_source.rs (/Users/em/Development/freerouting/copperroute-congestion-study/target/debug/deps/env_source-f016fe3e18e1b1ba)

running 17 tests
test a_string_setting_keeps_its_hyphens ... ok
test empty_environment_yields_a_blank_but_present_settings_object ... ok
test a_bad_value_is_skipped_not_fatal ... ok
test a_simple_router_setting_is_parsed ... ok
test a_boolean_setting_is_parsed ... ok
test a_nested_router_setting_is_parsed ... ok
test a_double_array_leaf_is_comma_split ... ok
test an_unknown_property_is_skipped_not_fatal ... ok
test environment_variables_merge_over_the_defaults ... ok
test get_parsed_variables_returns_every_key_that_landed ... ok
test keys_outside_the_router_prefix_are_ignored ... ok
test priority_and_source_name ... ok
test from_process_env_reads_the_real_environment_without_panicking ... ok
test save_intermediate_stages_is_parsed ... ok
test several_settings_are_parsed_together ... ok
test variable_names_are_case_insensitive ... ok
test optimizer_strategies_and_the_hybrid_ratio ... ok

test result: ok. 17 passed; 0 failed; 0 ignored; 0 measured; 0 filtered out; finished in 0.00s

     Running tests/field_path.rs (/Users/em/Development/freerouting/copperroute-congestion-study/target/debug/deps/field_path-57112caa75e20bf7)

running 32 tests
test a_null_nested_object_is_instantiated ... ok
test boolean_conversion_silently_falls_back_to_false ... ok
test array_tokens_are_trimmed_but_scalar_leaves_are_not ... ok
test a_bad_segment_after_an_array_field_writes_nothing ... ok
test an_all_separator_path_is_an_error_not_a_panic ... ok
test an_unknown_name_is_no_such_field ... ok
test a_trailing_comma_does_not_add_an_array_element ... ok
test case_insensitive_and_serialized_name_matching ... ok
test double_array_leaf_splits_and_trims ... ok
test double_conversion_follows_parse_double ... ok
test empty_path_segments_drop_trailing_empties ... ok
test field_kinds_match_the_java_field_types ... ok
test extra_array_tokens_are_dropped ... ok
test extra_array_elements_are_left_untouched ... ok
test field_tables_match_the_declaration_order_pins ... ok
test hexadecimal_float_literals_are_a_recorded_divergence ... ok
test enum_matching_is_case_insensitive_on_the_java_constant_name ... ok
test hyphen_and_colon_are_path_separators ... ok
test int_rejects_whitespace_but_double_trims_it ... ok
test int_conversion_follows_parse_int ... ok
test null_array_is_allocated_at_the_token_count ... ok
test long_and_float_fields_use_their_own_parsers ... ok
test only_the_four_navigable_router_fields_are_navigable ... ok
test separator_characters_in_the_value_survive ... ok
test set_nested_array_properties_when_null ... ok
test set_nested_array_properties_when_initialized ... ok
test set_simple_property ... ok
test string_array_leaf_drops_trailing_empties ... ok
test type_mismatches_are_errors_not_panics ... ok
test static_constants_are_not_settable_fields ... ok
test serialized_alternate_and_legacy_names_all_resolve ... ok
test every_field_converts_according_to_its_kind ... ok

test result: ok. 32 passed; 0 failed; 0 ignored; 0 measured; 0 filtered out; finished in 0.01s

     Running tests/json.rs (/Users/em/Development/freerouting/copperroute-congestion-study/target/debug/deps/json-b2dbeba1aeb7ba61)

running 18 tests
test explicit_nulls_clear_the_nested_objects ... ok
test layers_are_read_back_but_the_other_transients_are_not ... ok
test an_empty_object_round_trips_to_three_empty_nested_objects ... ok
test non_finite_floats_are_refused_on_the_read_side_too ... ok
test non_finite_floats_are_refused_like_gson ... ok
test the_lenient_reader_coercions_are_not_ported ... ok
test partial_object_deserialises_as_a_source ... ok
test number_formatting_matches_java_number_to_string ... ok
test aliases_round_trip ... ok
test fully_populated_output_is_byte_identical_to_gson ... ok
test the_lenient_reader_shapes_are_not_ported ... ok
test the_transient_optimizer_fields_are_dropped_on_read ... ok
test emitted_key_set_matches_gson ... ok
test the_unicode_line_separators_are_escaped_and_the_html_set_is_not ... ok
test unknown_keys_are_ignored ... ok
test scoring_and_optimizer_key_sets ... ok
test the_written_form_round_trips_to_itself ... ok
test a_json_file_tier_beats_the_defaults_and_loses_to_the_dsn ... ok

test result: ok. 18 passed; 0 failed; 0 ignored; 0 measured; 0 filtered out; finished in 0.05s

     Running tests/precedence.rs (/Users/em/Development/freerouting/copperroute-congestion-study/target/debug/deps/precedence-9aef4f61e4cb9e31)

running 12 tests
test scheduler_rules_path_follows_javas_else_if_chain ... ok
test adjacent_rules_discovery_strips_the_extension_javas_way ... ok
test merge_with_no_default_source_panics_in_validate - should panic ... ok
test rules_outrank_env_and_cli_for_autoroute_fields ... ok
test the_second_validate_is_not_idempotent_for_max_passes_zero ... ok
test the_second_validate_changes_nothing_else ... ok
test dsn_layer_seeding_blocks_every_later_cost_array ... ok
test rules_per_layer_trace_costs_are_discarded_in_the_headless_path ... ok
test a_split_rules_pair_restarts_the_cost_array_race ... ok
test the_merge_alone_agrees_without_a_board ... ok
test the_two_forms_agree_over_the_whole_matrix ... ok
test ses_tier_is_a_no_op ... ok

test result: ok. 12 passed; 0 failed; 0 ignored; 0 measured; 0 filtered out; finished in 0.07s

     Running tests/router_settings.rs (/Users/em/Development/freerouting/copperroute-congestion-study/target/debug/deps/router_settings-da8baa127e537b8b)

running 29 tests
test bend_cost_falls_back_to_a_clamped_default_bend_cost ... ok
test default_bend_cost ... ok
test duplicate_replays_the_assignment_sequence ... ok
test horizontal_and_vertical_trace_costs_are_guarded_without_the_array ... ok
test an_unrecognised_pin_sorting_order_is_refused ... ok
test accessor_defaults_on_a_fresh_settings_object ... ok
test duplicate_carries_every_other_field ... ok
test duplicate_differs_from_the_derived_clone ... ok
test horizontal_trace_costs_out_of_range_is_checked_first ... ok
test horizontal_vertical_and_trace_costs ... ok
test layer_active_and_preferred_direction ... ok
test neck_width ... ok
test null_scoring_safety ... ok
test opt_changed_area_ms_round_trips_and_is_absent_when_unset ... ok
test plain_setters ... ok
test run_router_and_run_optimizer ... ok
test scalar_setter_clamps ... ok
test set_get_bend_cost ... ok
test opt_changed_area_ms_is_a_settable_field ... ok
test set_layer_count_rewipes_costs ... ok
test set_max_threads_normalizes_and_mirrors ... ok
test trace_cost_getters_fall_back_to_one ... ok
test trace_cost_setters_clamp_and_reallocate ... ok
test trace_costs_are_sized_by_the_cost_array_not_by_the_layer_count ... ok
test trace_costs_survives_a_half_populated_scoring ... ok
test validate_and_normalize_disagree_about_zero_max_threads ... ok
test validate_matrix ... ok
test validate_panics_without_trace_pull_tight_accuracy - should panic ... ok
test validate_panics_without_max_passes - should panic ... ok

test result: ok. 29 passed; 0 failed; 0 ignored; 0 measured; 0 filtered out; finished in 0.00s

     Running tests/sources.rs (/Users/em/Development/freerouting/copperroute-congestion-study/target/debug/deps/sources-9775d246166b91ad)

running 22 tests
test api_settings_wraps_or_blanks ... ok
test default_settings_pins_every_java_value ... ok
test default_settings_only ... ok
test default_settings_are_not_mutated_by_a_merge ... ok
test default_settings_constants_match_the_table ... ok
test add_or_replace_sources_replaces_on_the_same_kind ... ok
test is_fanout_enabled_defaults_to_false_when_absent ... ok
test empty_sources_list ... ok
test merge_sorts_stably_so_a_priority_tie_keeps_registration_order ... ok
test null_value_handling ... ok
test reverse_conversion_applies_the_getters_defaults ... ok
test only_null_sources_reproduces_javas_npe - should panic ... ok
test rules_file_settings_priority_is_40 ... ok
test ses_file_settings_is_a_structural_no_op ... ok
test rules_file_settings_parses_processor_z80_rules ... ok
test source_priorities_and_names ... ok
test dsn_source_seeds_the_arrays_that_block_later_sources ... ok
test dsn_router_settings_converts_into_router_settings ... ok
test rules_file_settings_parses_hw48na_rules ... ok
test dsn_file_settings_seeds_the_layer_count ... ok
test dsn_router_settings_round_trips_through_router_settings ... ok
test an_unnamed_rules_field_does_not_overwrite_a_lower_priority_source ... ok

test result: ok. 22 passed; 0 failed; 0 ignored; 0 measured; 0 filtered out; finished in 0.01s

     Running tests/struct_shape.rs (/Users/em/Development/freerouting/copperroute-congestion-study/target/debug/deps/struct_shape-0be33498160f6102)

running 17 tests
test design_rules_checker_settings_default_matches_javas_field_initializers ... ok
test host_environment_default_max_threads_matches_java_formula ... ok
test field_names_pin_javas_declaration_order ... ok
test debug_settings_default_matches_javas_field_initializers ... ok
test fanout_ripup_allowed_accepts_both_the_current_key_and_its_alternate ... ok
test automatic_neckdown_accepts_both_the_current_key_and_its_alternate ... ok
test default_has_every_field_none ... ok
test debug_settings_is_net_permitted_matches_java ... ok
test layers_is_deserialized_even_though_its_never_serialized ... ok
test new_allocates_the_three_nested_objects_like_javas_no_arg_constructor ... ok
test new_and_default_disagree ... ok
test optimizer_transient_fields_never_appear_in_serialized_output ... ok
test scoring_start_ripup_costs_accepts_both_the_current_key_and_its_alternate ... ok
test renamed_keys_appear_in_serialized_output ... ok
test scoring_via_costs_accepts_both_the_current_key_and_its_alternate ... ok
test trace_pull_tight_accuracy_accepts_both_the_current_key_and_its_alternate ... ok
test transient_fields_never_appear_in_serialized_output ... ok

test result: ok. 17 passed; 0 failed; 0 ignored; 0 measured; 0 filtered out; finished in 0.00s

     Running unittests src/lib.rs (/Users/em/Development/freerouting/copperroute-congestion-study/target/debug/deps/copper_web-6f3de409c019a756)

running 11 tests
test dsn::tests::a_fully_routed_board_draws_no_ratsnest_group_at_all ... ok
test tests::airlines_are_reported_in_the_same_flipped_millimetres_as_violations ... ok
test tests::an_empty_net_selection_is_rejected ... ok
test tests::without_a_filter_no_incomplete_belongs_to_an_unselected_net ... ok
test dsn::tests::airlines_are_drawn_as_one_path_with_the_y_flip_the_rest_of_the_svg_uses ... ok
test dsn::tests::several_airlines_share_the_one_path ... ok
test tests::incompletes_are_split_by_whether_their_net_was_selected ... ok
test tests::an_unknown_net_name_is_rejected ... ok
test tests::named_nets_resolve_to_their_board_net_numbers ... ok
test tests::a_trace_joining_the_pads_leaves_no_airline ... ok
test tests::two_unjoined_pads_on_a_net_report_one_airline_between_their_centres ... ok

test result: ok. 11 passed; 0 failed; 0 ignored; 0 measured; 0 filtered out; finished in 0.00s

     Running unittests src/lib.rs (/Users/em/Development/freerouting/copperroute-congestion-study/target/debug/deps/copperroute-b2b0b6a550c0213f)

running 29 tests
test logging::tests::verbosity_raises_the_level_and_an_unknown_name_is_info ... ok
test mcp::server::tests::a_progress_writer_with_no_token_drops_everything ... ok
test cli::tests::settings_is_global_and_names_a_json_file ... ok
test cli::tests::parses_bounded_routing_visualization ... ok
test mcp::server::tests::initialize_returns_server_info_and_tools_capability ... ok
test mcp::server::tests::a_tool_failure_is_an_is_error_result_and_a_tool_panic_is_a_minus_32603 ... ok
test cli::tests::parses_route_with_max_passes_timeout_and_set ... ok
test cli::tests::parses_drc_and_info_and_mcp ... ok
test mcp::server::tests::notifications_get_no_response ... ok
test mcp::server::tests::ping_returns_empty_object ... ok
test mcp::server::tests::unknown_method_and_unknown_tool_error ... ok
test mcp::tools::tests::a_multibyte_document_is_encoded_by_bytes_not_by_characters ... ok
test mcp::tools::tests::every_alphabet_index_is_reachable_and_the_length_is_the_rfcs ... ok
test mcp::server::tests::tools_call_dispatches_and_wraps_content ... ok
test mcp::tools::tests::rfc_4648_section_10_vectors ... ok
test mcp::server::tests::tools_list_is_empty_by_default_and_lists_registered ... ok
test cli::tests::the_output_must_be_a_session_extension ... ok
test ops::settings::tests::a_missing_settings_file_is_refused ... ok
test cli::tests::the_dead_flags_are_gone ... ok
test ops::settings::tests::parse_set_splits_at_the_first_equals_and_requires_the_router_prefix ... ok
test ops::settings::tests::a_settings_file_sits_below_set ... ok
test ops::settings::tests::set_reaches_priority_sixty_and_an_unknown_field_is_refused ... ok
test ops::settings::tests::the_sparse_payload_outranks_set ... ok
test ops::load::pad_clearance_tests::hole_metadata_preserves_a_higher_existing_requirement ... ok
test ops::load::pad_clearance_tests::local_hole_rule_accounts_for_existing_keepout_padding ... ok
test ops::load::pad_clearance_tests::invalid_copper_metadata_is_rejected_even_without_matching_pads ... ok
test ops::load::pad_clearance_tests::unrelated_or_unverified_hole_metadata_preserves_keepouts ... ok
test ops::load::pad_clearance_tests::invalid_hole_diameters_are_rejected_before_matching ... ok
test ops::load::pad_clearance_tests::copper_metadata_is_not_limited_by_the_mask_gap_cap ... ok

test result: ok. 29 passed; 0 failed; 0 ignored; 0 measured; 0 filtered out; finished in 0.01s

     Running unittests src/main.rs (/Users/em/Development/freerouting/copperroute-congestion-study/target/debug/deps/copperroute-08dbdbe700426fdd)

running 0 tests

test result: ok. 0 passed; 0 failed; 0 ignored; 0 measured; 0 filtered out; finished in 0.00s

     Running tests/cli_e2e.rs (/Users/em/Development/freerouting/copperroute-congestion-study/target/debug/deps/cli_e2e-67ada5fdbce7d97f)

running 30 tests
test a_session_under_a_dsn_name_exits_1 ... ok
test a_failed_run_leaves_the_previous_result_on_disk ... ok
test an_empty_output_directory_is_not_unlinked ... ok
test an_invalid_input_writes_no_manifest ... ok
test a_non_ascii_session_file_is_read_as_utf8 ... ok
test drc_with_no_output_prints_to_stdout ... ok
test drc_exits_1_when_the_input_is_unreadable_or_not_a_board_or_unwritable ... ok
test every_stem_has_a_reference_and_every_reference_has_a_stem ... ok
test drc_only_warns_about_a_missing_rules_or_session_file ... ok
test info_exits_1_on_an_unreadable_input_and_on_an_unloadable_board ... ok
test info_writes_the_board_summary_to_stdout ... ok
test final_state_distinguishes_stage_limits_from_job_deadlines ... ok
test max_passes_zero_is_unlimited ... ok
test max_passes_and_timeout_reach_the_settings ... ok
test drc_exits_1_on_violations_and_0_on_a_clean_board ... ok
test the_cli_reference_agrees_with_the_batch_reference ... ok
test the_quality_score_is_an_f32_widened_to_f64 ... ok
test a_missing_rules_path_disables_rules_discovery ... ok
test a_settings_file_reaches_the_run_and_the_working_directory_is_not_read ... ok
test the_session_is_imported_after_the_rules ... ok
test the_slow_stems_match_the_reference ... ignored
test the_via_net_number_fixture_routes_instead_of_hanging ... ok
test do_out_json_writes_the_routed_board ... ok
test the_rules_file_is_read_as_bytes_twice ... ok
test an_unsupported_output_extension_is_refused_at_the_argument ... ok
test the_quality_score_uses_a_dsn_only_merge ... ok
test no_banner_on_stdout ... ok
test set_reaches_the_run_and_the_dotted_spelling_is_a_usage_error ... ok
test every_committed_reference_score_is_recomputed ... ok
test two_runs_of_every_ci_stem_are_byte_identical has been running for over 60 seconds
test two_runs_of_every_ci_stem_are_byte_identical ... ok

test result: ok. 29 passed; 0 failed; 1 ignored; 0 measured; 0 filtered out; finished in 129.60s

     Running tests/mcp_stdio.rs (/Users/em/Development/freerouting/copperroute-congestion-study/target/debug/deps/mcp_stdio-76c20aa899906297)

running 20 tests
test a_notification_gets_no_response ... ok
test a_long_running_tool_reports_progress ... ok
test a_tool_without_a_progress_token_emits_no_notifications ... ok
test a_panicking_tool_becomes_an_error_and_the_server_survives ... ok
test a_dead_stdout_cancels_everything_and_exits_nonzero ... ok
test eof_exits_zero ... ok
test a_non_finite_float_in_settings_is_refused ... ok
test every_settings_field_is_in_the_schema_and_vice_versa ... ok
test stdout_carries_only_protocol_lines ... ok
test a_reused_in_flight_id_is_refused_and_the_first_call_survives ... ok
test the_four_tools_over_spawned_pipes ... ignored
test a_cancelled_tool_stops_mid_flight ... ok
test initialize_ping_and_list_over_pipes ... ok
test the_schemas_match_the_committed_golden ... ok
test the_tool_list_and_schemas_over_spawned_pipes ... ok
test the_drain_takes_no_new_work_after_a_write_failure ... ok
test cancelling_route_board_mid_run_returns_timed_out_false_and_a_partial_result ... ok
test eof_drains_an_in_flight_call_without_cancelling_it ... ok
test an_output_path_answers_a_path_and_no_body ... ok
test a_sparse_settings_payload_composes_at_priority_70 ... ok

test result: ok. 19 passed; 0 failed; 1 ignored; 0 measured; 0 filtered out; finished in 3.23s

     Running tests/ops_drc_info.rs (/Users/em/Development/freerouting/copperroute-congestion-study/target/debug/deps/ops_drc_info-e5894f0c5fe923d1)

running 4 tests
test the_date_is_iso_offset_date_time_not_iso_instant ... ok
test info_summarises_the_spike_board ... ok
test drc_counts_the_dev_boards_violations ... ok
test a_rules_file_does_not_move_the_quality_score ... ok

test result: ok. 4 passed; 0 failed; 0 ignored; 0 measured; 0 filtered out; finished in 0.58s

     Running tests/ops_load.rs (/Users/em/Development/freerouting/copperroute-congestion-study/target/debug/deps/ops_load-979cf66364afb693)

running 7 tests
test a_missing_path_is_an_input_error ... ok
test a_session_file_is_not_a_board ... ok
test set_outranks_the_flags_below_it_and_the_sparse_payload_outranks_the_rules_file ... ok
test a_dsn_path_loads_and_the_design_block_reaches_the_settings ... ok
test an_explicit_rules_file_reaches_the_settings_and_an_adjacent_one_only_when_asked ... ok
test dsn_text_loads_under_the_given_name ... ok
test a_session_is_imported_and_a_project_sets_constraints ... ok

test result: ok. 7 passed; 0 failed; 0 ignored; 0 measured; 0 filtered out; finished in 0.10s

     Running tests/ops_route.rs (/Users/em/Development/freerouting/copperroute-congestion-study/target/debug/deps/ops_route-d6f6acc8b90f0561)

running 6 tests
test output_format_is_the_extension ... ok
test the_budget_is_the_default_with_the_settings_knob ... ok
test a_bad_timeout_is_a_settings_error ... ok
test a_zero_job_timeout_reports_timed_out ... ok
test a_routed_board_answers_a_session_and_its_stats ... ok
test a_json_output_carries_the_routed_board ... ok

test result: ok. 6 passed; 0 failed; 0 ignored; 0 measured; 0 filtered out; finished in 1.83s

     Running unittests src/lib.rs (/Users/em/Development/freerouting/copperroute-congestion-study/target/debug/deps/testkit-ab556bdd7e41be89)

running 1 test
test tests::normalize_drops_the_date_and_sorts_unconnected_items_numerically ... ok

test result: ok. 1 passed; 0 failed; 0 ignored; 0 measured; 0 filtered out; finished in 0.00s

     Running tests/harness.rs (/Users/em/Development/freerouting/copperroute-congestion-study/target/debug/deps/harness-f9a1a66993438283)

running 7 tests
test reference_path_layout ... ok
test workspace_root_contains_cargo_toml ... ok
test normalize_collapses_crlf_trailing_spaces_and_blank_runs ... ok
test normalize_keeps_non_ascii_trailing_whitespace ... ok
test normalize_adds_single_trailing_newline ... ok
test assert_text_parity_passes_modulo_whitespace ... ok
test assert_text_parity_panics_on_difference - should panic ... ok

test result: ok. 7 passed; 0 failed; 0 ignored; 0 measured; 0 filtered out; finished in 0.00s

   Doc-tests copper_board

running 0 tests

test result: ok. 0 passed; 0 failed; 0 ignored; 0 measured; 0 filtered out; finished in 0.00s

   Doc-tests copper_core

running 0 tests

test result: ok. 0 passed; 0 failed; 0 ignored; 0 measured; 0 filtered out; finished in 0.00s

   Doc-tests copper_drc

running 0 tests

test result: ok. 0 passed; 0 failed; 0 ignored; 0 measured; 0 filtered out; finished in 0.00s

   Doc-tests copper_dsn

running 0 tests

test result: ok. 0 passed; 0 failed; 0 ignored; 0 measured; 0 filtered out; finished in 0.00s

   Doc-tests copper_geometry

running 0 tests

test result: ok. 0 passed; 0 failed; 0 ignored; 0 measured; 0 filtered out; finished in 0.00s

   Doc-tests copper_router

running 0 tests

test result: ok. 0 passed; 0 failed; 0 ignored; 0 measured; 0 filtered out; finished in 0.00s

   Doc-tests copper_settings

running 0 tests

test result: ok. 0 passed; 0 failed; 0 ignored; 0 measured; 0 filtered out; finished in 0.00s

   Doc-tests copper_web

running 0 tests

test result: ok. 0 passed; 0 failed; 0 ignored; 0 measured; 0 filtered out; finished in 0.00s

   Doc-tests copperroute

running 0 tests

test result: ok. 0 passed; 0 failed; 0 ignored; 0 measured; 0 filtered out; finished in 0.00s

   Doc-tests testkit

running 0 tests

test result: ok. 0 passed; 0 failed; 0 ignored; 0 measured; 0 filtered out; finished in 0.00s

